56-37=19: 810
54-38=16: 791
54-36=18: 817
84-21=63: 851
52-34=18: 830
68-21=47: 844
45-27=18: 806
62-43=19: 874
52-38=14: 849
56-39=17: 824
58-21=37: 859
72-54=18: 886
48-32=16: 830
62-13=49: 913
72-14=58: 942
56-19=37: 870
58-42=16: 829
74-21=53: 835
54-18=36: 835
57-21=36: 885
54-16=38: 838
62-49=13: 890
72-13=59: 924
72-18=54: 923
72-53=19: 872
58-12=46: 842
52-14=38: 902
56-17=39: 859
45-17=28: 914
71-23=48: 960
68-27=41: 892
48-12=36: 879
72-58=14: 891
48-36=12: 848
69-21=48: 850
46-27=19: 814
58-31=27: 890
58-46=12: 828
68-41=27: 878
61-34=27: 1030
71-43=28: 1003
64-29=35: 842
61-37=24: 970
47-32=15: 866
46-19=27: 947
61-24=37: 1017
62-19=43: 927
81-24=57: 993
68-23=45: 822
45-28=17: 845
81-27=54: 940
45-18=27: 958
46-29=17: 838
52-18=34: 902
63-15=48: 890
43-27=16: 828
84-23=61: 924
62-47=15: 895
73-54=19: 928
69-41=28: 909
45-26=19: 840
74-23=51: 901
73-14=59: 927
49-32=17: 880
46-17=29: 901
72-19=53: 934
78-32=46: 824
84-61=23: 958
68-47=21: 924
61-27=34: 949
78-42=36: 833
91-34=57: 984
74-16=58: 887
72-59=13: 903
47-29=18: 817
65-27=38: 870
57-31=26: 928
49-37=12: 886
71-28=43: 998
64-25=39: 842
75-26=49: 887
45-29=16: 831
94-21=73: 814
85-21=64: 803
58-27=31: 915
68-25=43: 833
43-25=18: 772
74-51=23: 907
48-16=32: 884
59-47=12: 886
71-48=23: 1036
84-63=21: 1036
86-32=54: 859
81-57=24: 1032
62-17=45: 952
81-54=27: 1080
95-31=64: 857
59-42=17: 879
75-29=46: 874
79-21=58: 843
59-43=16: 854
58-16=42: 858
65-17=48: 879
74-18=56: 875
59-31=28: 931
63-18=45: 920
43-28=15: 823
73-19=54: 869
47-28=19: 809
91-37=54: 933
57-39=18: 846
68-43=25: 859
60-12=48: 1071
62-15=47: 930
63-45=18: 837
64-39=25: 866
43-26=17: 870
57-19=38: 895
87-31=56: 857
49-12=37: 919
65-37=28: 897
59-21=38: 866
79-23=56: 830
81-32=49: 1020
47-19=28: 935
59-12=47: 904
47-12=35: 925
57-38=19: 880
93-41=52: 913
63-48=15: 875
59-13=46: 850
94-23=71: 888
62-45=17: 890
45-16=29: 940
58-37=21: 947
74-53=21: 982
73-59=14: 880
82-63=19: 935
47-35=12: 846
45-19=26: 940
71-26=45: 971
67-29=38: 856
87-23=64: 781
60-42=18: 1048
75-46=29: 927
98-31=67: 833
75-49=26: 915
95-21=74: 858
65-18=47: 910
43-16=27: 965
67-49=18: 853
71-25=46: 960
86-34=52: 852
81-35=46: 929
50-34=16: 1024
81-39=42: 1003
57-26=31: 987
91-24=67: 952
67-28=39: 880
91-27=64: 907
65-47=18: 801
79-51=28: 965
43-17=26: 929
43-18=25: 936
91-23=68: 942
93-51=42: 942
57-18=39: 950
86-14=72: 865
97-41=56: 825
64-35=29: 864
81-42=39: 1007
68-45=23: 872
82-13=69: 923
43-15=28: 887
74-56=18: 867
65-28=37: 884
78-46=32: 851
98-41=57: 888
67-18=49: 921
95-34=61: 921
92-34=58: 879
87-24=63: 825
49-17=32: 907
67-48=19: 870
50-32=18: 1075
79-26=53: 849
83-24=59: 891
85-24=61: 910
79-31=48: 887
81-49=32: 1025
69-12=57: 952
59-17=42: 885
76-41=35: 805
73-25=48: 876
59-46=13: 890
69-28=41: 904
85-61=24: 940
75-12=63: 955
60-21=39: 1121
82-17=65: 945
98-42=56: 847
86-12=74: 875
82-47=35: 929
78-36=42: 819
75-62=13: 985
81-45=36: 930
67-19=48: 897
91-54=37: 1023
76-31=45: 818
75-63=12: 937
83-29=54: 836
87-51=36: 925
67-39=28: 893
86-52=34: 872
85-39=46: 878
47-18=29: 947
71-46=25: 1023
79-53=26: 907
81-36=45: 940
82-37=45: 904
83-64=19: 946
82-67=15: 973
67-38=29: 924
50-36=14: 994
95-61=34: 908
78-13=65: 869
86-49=37: 882
75-13=62: 914
57-36=21: 1020
96-21=75: 837
73-28=45: 887
93-42=51: 968
82-69=13: 964
91-57=34: 957
92-38=54: 883
39-24=15: 868
86-54=32: 876
50-12=38: 1134
94-36=58: 874
60-13=47: 1093
65-48=17: 852
98-37=61: 857
86-29=57: 880
60-48=12: 1051
74-58=16: 860
69-17=52: 898
71-45=26: 1001
83-14=69: 916
83-27=56: 917
79-41=38: 888
65-38=27: 928
79-28=51: 921
73-45=28: 904
83-69=14: 927
59-16=43: 914
78-63=15: 909
87-63=24: 923
98-46=52: 850
60-18=42: 1053
70-21=49: 1030
67-13=54: 827
60-43=17: 1068
83-19=64: 875
12+36=48: 962
60-31=29: 1151
86-74=12: 919
81-46=35: 942
93-52=41: 995
94-71=23: 994
98-61=37: 913
76-45=31: 880
87-36=51: 925
83-54=29: 979
69-57=12: 905
86-39=47: 887
86-27=59: 878
95-24=71: 929
91-28=63: 994
83-59=24: 930
48+21=69: 938
82-65=17: 963
69-52=17: 922
50-14=36: 1049
82-19=63: 932
79-56=23: 953
67-53=14: 845
82-45=37: 911
18+27=45: 893
83-26=57: 902
47-15=32: 912
78-65=13: 880
91-63=28: 1055
85-49=36: 867
85-36=49: 887
91-67=24: 1039
94-38=56: 890
12+46=58: 935
32+16=48: 1017
70-41=29: 1081
39-25=14: 833
89-37=52: 895
91-64=27: 1072
86-37=49: 855
69-48=21: 960
60-47=13: 1052
85-12=73: 900
85-64=21: 1055
42+17=59: 979
73-48=25: 943
98-51=47: 868
82-15=67: 936
87-64=23: 943
47+21=68: 896
70-12=58: 1097
82-35=47: 897
85-13=72: 877
95-71=24: 993
84-69=15: 913
86-72=14: 930
67-54=13: 883
37+19=56: 952
97-46=51: 945
97-51=46: 855
70-52=18: 1089
59-38=21: 1015
67-14=53: 858
76-35=41: 889
98-47=51: 916
84-19=65: 848
86-47=39: 861
45+23=68: 868
95-64=31: 972
50-38=12: 1077
17+39=56: 940
40-23=17: 1067
36+21=57: 972
16+32=48: 912
41+27=68: 1002
97-32=65: 852
18+29=47: 942
98-67=31: 956
78-15=63: 867
60-17=43: 1071
59-28=31: 947
50-16=34: 1028
92-14=78: 850
98-23=75: 801
92-54=38: 892
79-14=65: 886
94-73=21: 1070
39+17=56: 955
19+37=56: 907
32+17=49: 1005
95-27=68: 833
36+12=48: 977
87-56=31: 982
98-52=46: 873
19+27=46: 914
89-32=57: 939
79-38=41: 952
83-57=26: 983
97-35=62: 849
96-25=71: 869
40-27=13: 1053
42+16=58: 958
50-18=32: 1141
79-15=64: 843
84-65=19: 873
17+29=46: 905
28+17=45: 969
94-56=38: 907
96-12=84: 841
16+38=54: 897
79-58=21: 1038
94-16=78: 831
12+37=49: 971
93-28=65: 858
91-68=23: 1128
83-56=27: 1001
85-46=39: 858
38+21=59: 911
89-57=32: 930
85-73=12: 968
52+17=69: 1014
89-24=65: 850
85-72=13: 1011
93-25=68: 828
98-56=42: 875
97-62=35: 941
18+39=57: 930
41+28=69: 1031
31+26=57: 1110
18+36=54: 918
46+12=58: 905
38+19=57: 956
92-18=74: 878
31+28=59: 1071
40-13=27: 1179
29+17=46: 979
94-18=76: 861
37+21=58: 909
84-15=69: 855
92-74=18: 916
89-13=76: 877
92-58=34: 903
28+41=69: 953
96-14=82: 854
97-56=41: 952
86-59=27: 978
89-52=37: 973
36+18=54: 932
21+37=58: 1020
80-31=49: 1123
27+19=46: 970
39-14=25: 987
60-39=21: 1188
14+38=52: 911
16+42=58: 897
56+23=79: 882
38+27=65: 932
38+29=67: 927
43+25=68: 886
12+47=59: 984
17+28=45: 920
26+31=57: 987
35+29=64: 906
40-17=23: 1165
27+41=68: 898
21+47=68: 1022
47+12=59: 985
53+26=79: 944
98-57=41: 907
38+16=54: 912
60-29=31: 1151
94-58=36: 915
96-71=25: 1006
79-64=15: 949
34+27=61: 981
70-49=21: 1132
95-74=21: 1092
31+27=58: 982
70-29=41: 1097
97-65=32: 947
70-18=52: 1099
25+43=68: 895
95-28=67: 890
70-14=56: 1075
70-58=12: 1116
39-15=24: 914
79-48=31: 957
39+18=57: 1037
32+46=78: 908
46+13=59: 964
93-65=28: 977
79-65=14: 885
35+12=47: 1049
21+36=57: 1138
93-68=25: 1019
18+34=52: 882
28+31=59: 966
18+49=67: 957
16+29=45: 902
27+18=45: 1018
34+18=52: 958
80-24=56: 1009
86-57=29: 967
54+18=72: 990
12+35=47: 962
95-67=28: 972
43+16=59: 1019
80-21=59: 1076
92-78=14: 958
15+32=47: 1007
28+19=47: 998
16+43=59: 945
80-41=39: 1108
32+15=47: 1030
89-16=73: 894
37+28=65: 970
16+27=43: 927
89-25=64: 815
98-25=73: 804
45+18=63: 984
80-51=29: 1206
28+37=65: 936
19+38=57: 981
27+31=58: 935
80-26=54: 1007
37+12=49: 1018
19+28=47: 976
89-14=75: 902
42+36=78: 856
43+19=62: 974
21+38=59: 1105
90-23=67: 992
80-54=26: 1133
70-16=54: 1091
98-73=25: 1000
18+47=65: 925
15+28=43: 939
13+46=59: 989
15+24=39: 985
28+39=67: 937
58+14=72: 957
94-76=18: 905
48+19=67: 1007
46+29=75: 899
70-54=16: 1071
80-56=24: 1116
15+48=63: 943
80-13=67: 1087
12+57=69: 1014
46+32=78: 837
25+39=64: 921
53+21=74: 888
18+25=43: 876
38+14=52: 936
89-64=25: 1004
49+13=62: 956
19+26=45: 927
63+21=84: 970
48+17=65: 978
64+23=87: 863
63+24=87: 897
70-56=14: 1084
51+28=79: 1054
21+48=69: 1070
95-68=27: 1035
54+29=83: 928
13+49=62: 922
51+23=74: 943
39+28=67: 941
23+45=68: 922
90-27=63: 1009
54+32=86: 884
96-84=12: 992
48+15=63: 977
89-73=16: 965
18+54=72: 974
17+32=49: 1000
36+42=78: 863
14+58=72: 981
56+31=87: 959
54+19=73: 935
168/7=24: 1233
54+27=81: 974
89-74=15: 972
37+24=61: 967
14+25=39: 948
26+19=45: 968
48+23=71: 966
80-23=57: 1008
72+14=86: 996
53+19=72: 982
57+12=69: 1010
95-12=83: 887
58+21=79: 929
52+34=86: 912
23+56=79: 1011
24+37=61: 1011
90-63=27: 1153
96-75=21: 1056
26+53=79: 956
25+18=43: 1003
90-32=58: 1093
26+17=43: 988
49+18=67: 1039
36+51=87: 1003
94-78=16: 933
80-63=17: 1114
80-17=63: 1076
19+48=67: 1009
52+37=89: 942
18+45=63: 932
96-82=14: 972
17+42=59: 983
29+18=47: 1036
39+25=64: 900
45+28=73: 938
15+47=62: 934
27+38=65: 968
97-13=84: 838
80-27=53: 988
31+56=87: 1108
26+49=75: 928
54+13=67: 958
19+43=62: 913
95-13=82: 844
14+59=73: 935
51+36=87: 1067
89-76=13: 968
93-15=78: 820
65+13=78: 956
49+26=75: 931
93-18=75: 896
17+26=43: 950
90-36=54: 1055
43+28=71: 992
80-53=27: 1138
80-67=13: 1112
65+24=89: 968
45+17=62: 988
80-39=41: 1165
59+13=72: 978
48+31=79: 928
89-65=24: 942
64+21=85: 925
90-34=56: 1065
28+43=71: 1008
38+41=79: 930
56+27=83: 957
61+23=84: 1013
65+14=79: 990
32+54=86: 978
47+18=65: 1001
56+42=98: 893
80-57=23: 1119
89-75=14: 954
28+15=43: 945
25+14=39: 1071
46+39=85: 968
47+39=86: 948
58+16=74: 979
35+41=76: 900
89-15=74: 853
56+18=74: 976
27+34=61: 1009
48+25=73: 874
168/24=7: 1540
36+49=85: 970
29+38=67: 961
98-75=23: 998
80-49=31: 1166
90-52=38: 1122
57+24=81: 1013
13+59=72: 945
52+46=98: 930
90-67=23: 1159
93-75=18: 880
23+51=74: 949
24+57=81: 1031
97-12=85: 924
29+16=45: 1006
80-29=51: 1123
28+51=79: 977
21+53=74: 1035
54+38=92: 936
17+48=65: 950
74+12=86: 962
93-78=15: 938
29+46=75: 946
64+15=79: 954
41+38=79: 1044
53+14=67: 992
27+16=43: 1040
368/92=4: 1533
62+13=75: 1026
95-83=12: 972
57+29=86: 963
32+57=89: 970
45+37=82: 950
80-59=21: 1254
19+53=72: 960
24+59=83: 1022
95-82=13: 996
18+56=74: 952
37+49=86: 967
368/4=92: 1277
64+25=89: 922
68+23=91: 1025
12+74=86: 1030
16+58=74: 940
24+63=87: 967
97-14=83: 867
15+63=78: 972
90-38=52: 1073
25+48=73: 985
61+24=85: 1025
75+23=98: 846
24+15=39: 1030
14+53=67: 931
47+15=62: 978
72+13=85: 1001
49+37=86: 955
59+14=73: 1001
59+27=86: 946
17+52=69: 998
65+17=82: 991
68+27=95: 906
19+54=73: 975
90-14=76: 1049
90-54=36: 1102
34+52=86: 935
58+34=92: 925
63+12=75: 1053
14+72=86: 1023
45+26=71: 984
23+48=71: 1033
29+35=64: 928
59+24=83: 935
75+21=96: 937
45+31=76: 904
64+27=91: 970
23+64=87: 1001
21+58=79: 1107
12+63=75: 1048
13+54=67: 1002
90-56=34: 1066
28+45=73: 910
58+36=94: 955
46+25=71: 969
64+19=83: 1019
31+48=79: 1078
14+69=83: 1064
63+15=78: 959
57+32=89: 973
57+26=83: 981
45+36=81: 988
54+37=91: 952
138/2=69: 1302
23+61=84: 1020
68+25=93: 917
648/9=72: 1284
21+63=84: 1119
35+47=82: 955
65+28=93: 970
97-83=14: 947
24+61=85: 1011
27+54=81: 1079
15+64=79: 1025
32+49=81: 1065
65+32=97: 950
62+35=97: 923
35+46=81: 997
17+45=62: 942
56+38=94: 968
186/2=93: 1238
46+52=98: 921
90-58=32: 1109
25+46=71: 1012
39+47=86: 956
49+36=85: 1003
13+65=78: 970
42+56=98: 965
97-82=15: 1009
14+65=79: 991
134/2=67: 1387
146/2=73: 1346
42+39=81: 1008
63+19=82: 1009
51+47=98: 1031
32+65=97: 991
74+21=95: 914
97-15=82: 870
56+41=97: 931
90-16=74: 1058
15+67=82: 1025
73+21=94: 910
174/6=29: 1258
156/4=39: 1324
46+35=81: 957
258/6=43: 1352
67+24=91: 983
57+41=98: 980
152/4=38: 1330
8*64=512: 1941
57+34=91: 998
31+45=76: 986
34+57=91: 998
36+45=81: 987
156/2=78: 1345
71+23=94: 981
37+52=89: 1004
69+13=82: 1001
378/9=42: 1292
29+54=83: 1043
67+31=98: 975
41+35=76: 980
13+62=75: 1086
61+37=98: 1032
34+58=92: 963
52+41=93: 1009
97-84=13: 957
90-74=16: 1138
62-44=18: 1497
25+64=89: 1090
39+46=85: 970
26+45=71: 990
67+28=95: 977
21+64=85: 1133
38+56=94: 998
51+46=97: 1083
64+31=95: 927
15+69=84: 1004
19+64=83: 1054
196/7=28: 1251
8*52=416: 1896
47+35=82: 932
37+54=91: 1027
63+28=91: 1071
162/3=54: 1315
65+19=84: 944
73+12=85: 1002
26+57=83: 994
41+57=98: 1061
13+69=82: 1033
35+62=97: 994
82+14=96: 957
416/8=52: 1495
27+56=83: 1046
24+65=89: 1055
19+63=82: 1025
46+51=97: 932
97-85=12: 954
73+16=89: 1012
186/93=2: 1484
158/2=79: 1301
42+51=93: 1020
2*16/4=8: 2226
37+45=82: 951
36+58=94: 1011
84+12=96: 952
73+25=98: 871
364/7=52: 1381
90-76=14: 1157
38+54=92: 963
62-48=14: 1583
69+14=83: 1030
76+13=89: 954
37+61=98: 1017
39+42=81: 1030
146/73=2: 1569
468/9=52: 1293
31+67=98: 1048
204/3=68: 1548
27+59=86: 1045
78+14=92: 954
71+24=95: 1033
512/8=64: 1475
12+73=85: 1063
28+63=91: 1115
108/2=54: 1599
51-32=19: 1291
47+51=98: 999
258/43=6: 1557
75+14=89: 1026
192/3=64: 1289
71+25=96: 1005
4*78=312: 2148
174/3=58: 1267
28+65=93: 1025
28+67=95: 1010
312/4=78: 1495
90-12=78: 1129
67+15=82: 990
24+67=91: 1048
49+32=81: 1014
41+56=97: 1091
44-26=18: 1408
44-28=16: 1418
29+57=86: 1032
17+65=82: 1016
25+68=93: 1066
34+61=95: 993
4*12/6=8: 2089
378/42=9: 1578
51+42=93: 1087
61-13=48: 1201
52-33=19: 1578
648/72=9: 1507
174/29=6: 1514
24+71=95: 1031
52-39=13: 1635
78+16=94: 937
44-16=28: 1521
62-14=48: 1524
356/4=89: 1385
316/4=79: 1408
9*8/3=24: 1791
90-72=18: 1196
4*8-9=23: 1722
32+18=50: 1346
61+34=95: 1033
42+18=60: 1314
236/4=59: 1401
7*8-2=54: 1703
62-24=38: 1342
14+36=50: 1224
41+52=93: 1105
5*8-4=36: 1730
12+48=60: 1290
156/39=4: 1559
72-41=31: 1372
74+15=89: 964
53-41=12: 1221
512/64=8: 1678
47-31=16: 1120
416/52=8: 1670
61-12=49: 1232
47-11=36: 1166
13+72=85: 1085
48+12=60: 1239
296/8=37: 1283
23+71=94: 1035
56-22=34: 1301
62-28=34: 1357
25+73=98: 1008
108/4=27: 1535
27+64=91: 1056
74-11=63: 1132
7*8-4=52: 1710
53-34=19: 1522
4*8-3=29: 1683
36-29=07: 1087
12+38=50: 1295
34-26=08: 1067
8*9/3=24: 1796
90-18=72: 1138
7*6-4=38: 1744
7*4-3=25: 1807
134/67=2: 1624
364/52=7: 1619
3*24/9=8: 2009
76+18=94: 961
53-42=11: 1304
392/7=56: 1353
58-11=47: 1140
4*92=368: 1778
25+71=96: 1052
34-28=06: 1091
21+73=94: 1136
72-31=41: 1382
24-016=8: 1423
63-51=12: 1241
27+68=95: 1063
6*4-1=23: 1932
5*4-2=18: 1818
46-31=15: 1048
8*6/12=4: 2083
56-24=32: 1411
74+18=92: 964
31+64=95: 1094
5*4-8=12: 1829
16+34=50: 1247
41-23=18: 1153
192/64=3: 1591
61-29=32: 1595
75+18=93: 977
38+12=50: 1280
74-61=13: 1193
61-43=18: 1176
61-22=39: 1550
42-23=19: 1340
342/6=57: 1406
267/3=89: 1277
4*79=316: 2109
6*8-1=47: 1759
12+84=96: 1086
6*8/4=12: 1976
44-18=26: 1514
41-36=05: 1203
82+13=95: 968
34+16=50: 1233
63-21=42: 1559
7*24=168: 1977
6*8/12=4: 2069
56-42=14: 1578
48-11=37: 1158
51-43=08: 1221
36-21=15: 1183
5*6-1=29: 1864
19+65=84: 988
62-18=44: 1559
72-23=49: 1370
58-41=17: 1128
51-12=39: 1313
51-39=12: 1267
4*6-1=23: 1931
90-78=12: 1190
9*6-1=53: 1795
7*6-8=34: 1759
71-13=58: 1184
18+32=50: 1262
752/8=94: 1388
92-41=51: 1337
108/54=2: 1786
76-24=52: 1449
64-11=53: 1080
18+76=94: 1026
6+018=24: 1372
16+73=89: 1071
4*8/2=16: 1953
48-31=17: 1098
468/52=9: 1518
162/54=3: 1657
4*12/8=6: 2062
63-11=52: 1215
58-22=36: 1398
592/8=74: 1415
36+14=50: 1283
41-35=06: 1162
4*8/16=2: 2098
61-18=43: 1268
76-22=54: 1343
5*8-6=34: 1726
52-37=15: 1595
6+028=34: 1276
61-53=08: 1258
39+21=60: 1277
65-21=44: 1507
36-27=09: 1081
61-42=19: 1211
54-31=23: 1664
55-36=19: 1560
4*8-7=25: 1784
3*24/8=9: 2033
6*4-3=21: 1913
8*4-9=23: 1793
2*16/8=4: 2203
13+76=89: 1096
582/6=97: 1351
196/28=7: 1585
42-27=15: 1381
6*5-1=29: 1905
6*7-4=38: 1745
7*3-9=12: 1894
8*4-3=29: 1766
296/37=8: 1463
14+82=96: 1058
73-21=52: 1517
24-16=08: 1103
23+68=91: 1133
51-42=09: 1294
42-37=05: 1146
46-28=18: 1625
71-12=59: 1264
18+74=92: 1030
18+42=60: 1237
54-39=15: 1543
53-39=14: 1467
21+74=95: 1144
4*5-2=18: 1807
82-31=51: 1333
41-13=28: 1188
6*8-3=45: 1720
85+12=97: 1044
7*9-1=62: 1743
46-11=35: 1066
64-51=13: 1093
5*9-2=43: 1712
36-24=12: 1449
69+15=84: 947
65-41=24: 1609
152/38=4: 1593
41-32=09: 1303
7*5-1=34: 1798
12+58=70: 1354
73-11=62: 1174
4*9-1=35: 1732
14+75=89: 1044
2*67=134: 2139
84+13=97: 978
108/27=4: 1762
8*7-2=54: 1757
64-21=43: 1531
15+74=89: 1096
92-31=61: 1321
8*6/4=12: 2009
72-29=43: 1384
84-31=53: 1593
736/8=92: 1300
23+75=98: 1023
63-49=14: 1572
7*5-9=26: 1831
61-48=13: 1226
49-31=18: 1093
8*7-4=52: 1736
45-32=13: 1640
63-52=11: 1323
72-64=08: 1211
37-21=16: 1125
64-41=23: 1582
64-12=52: 1584
13+47=60: 1279
3*9-1=26: 1864
49+21=70: 1197
65-23=42: 1459
2*034=68: 1256
71-22=49: 1484
42-29=13: 1372
9*6-3=51: 1757
8*6-1=47: 1817
73-61=12: 1240
5*9-3=42: 1652
63-41=22: 1572
8*4/2=16: 1986
4*7-3=25: 1757
71-53=18: 1167
8*4/16=2: 2099
53-36=17: 1544
61-33=28: 1650
63-22=41: 1555
35-27=08: 1096
55-39=16: 1536
29+41=70: 1223
83+14=97: 1009
8*6-3=45: 1789
92-51=41: 1367
6*5-3=27: 1793
24-18=06: 1107
52+18=70: 1339
42-25=17: 1363
67-21=46: 1621
4*5-8=12: 1828
52-36=16: 1792
4*8-5=27: 1748
5*6-3=27: 1795
632/8=79: 1360
43+17=60: 1272
63-12=51: 1319
46-32=14: 1560
58-26=32: 1461
8*4-7=25: 1841
72-63=09: 1248
54-21=33: 1590
35-29=06: 1115
8*5-4=36: 1805
6*9-1=53: 1756
59-27=32: 1451
78+15=93: 897
55-37=18: 1483
74-13=61: 1256
82+15=97: 1031
8+026=34: 1265
61-39=22: 1601
4*8-23=9: 1838
45-36=09: 1167
5*7-1=34: 1752
38-22=16: 1373
21+75=96: 1144
71-52=19: 1250
31+29=60: 1388
63-44=19: 1545
61-19=42: 1217
9*8/2=36: 1826
62-25=37: 1399
55-17=38: 1566
71-29=42: 1562
6*8-7=41: 1763
736/92=8: 1504
261/3=87: 1376
9*7-1=62: 1818
74-63=11: 1279
55-16=39: 1618
9*4-1=35: 1782
69-27=42: 1508
64-26=38: 1515
64-43=21: 1670
83-21=62: 1461
9*3-1=26: 1910
56-44=12: 1535
53-11=42: 1251
64-13=51: 1149
65-22=43: 1419
78-22=56: 1407
3*016=48: 1343
56-21=35: 1680
36-22=14: 1376
17+43=60: 1258
6*7-8=34: 1751
8*4-5=27: 1797
56-43=13: 1614
47+13=60: 1254
4*6-3=21: 1885
6*43=258: 1904
5*8-1=39: 1778
9*72=648: 1829
66-21=45: 1572
42-35=07: 1150
35-26=09: 1132
41-28=13: 1210
59-22=37: 1393
51-34=17: 1234
6+4*3=18: 1960
57-34=23: 1688
55-31=24: 1611
74-62=12: 1585
64-28=36: 1600
14+78=92: 1050
9*42=378: 1756
46-39=07: 1180
47-36=11: 1243
46-35=11: 1101
78-21=57: 1650
18+52=70: 1295
16+78=94: 1055
658/7=94: 1254
483/7=69: 1345
312/78=4: 1711
64-53=11: 1145
38-21=17: 1089
62-34=28: 1364
156/78=2: 1577
8+016=24: 1357
73-62=11: 1333
31-24=07: 1326
5+018=23: 1413
71-18=53: 1246
38-26=12: 1407
472/8=59: 1409
7*6-34=8: 1928
69-22=47: 1481
54-33=21: 1641
651/93=7: 1591
1*63/7=9: 2041
56+24=80: 1199
64-23=41: 1581
4*5-3=17: 1794
6*8-5=43: 1727
7+029=36: 1294
62-27=35: 1427
9*5-2=43: 1792
9*4/1=36: 1866
54+26=80: 1231
36-11=25: 1218
53-12=41: 1372
7*4-5=23: 1803
84-11=73: 1122
52-13=39: 1611
61-49=12: 1208
52-17=35: 1676
72-43=29: 1410
68-11=57: 1142
58+12=70: 1270
55-19=36: 1598
5*4-3=17: 1767
138/69=2: 1504
1*24/3=8: 2160
9*5-3=42: 1737
7*3-2=19: 1918
15+78=93: 1058
55-18=37: 1603
62-54=08: 1147
57-41=16: 1127
62-38=24: 1372
5*9-7=38: 1662
84-33=51: 1596
73-12=61: 1307
7*5-6=29: 1843
55-38=17: 1545
3*8/1=24: 1980
53-37=16: 1498
58-47=11: 1210
51-37=14: 1164
57-33=24: 1537
61-25=36: 1821
46-37=09: 1154
42-17=25: 1433
56-31=25: 1716
45-33=12: 1552
52-35=17: 1508
83+12=95: 952
41-39=02: 1271
35-21=14: 1152
51-14=37: 1264
24-018=6: 1412
356/89=4: 1564
82-64=18: 1762
5*7-9=26: 1794
45-39=06: 1125
31-27=04: 1285
1*36/4=9: 2183
5*6-7=23: 1816
71-62=09: 1346
92-61=31: 1435
7*4/1=28: 1905
48-33=15: 1461
13+27=40: 1290
1*42/7=6: 1999
61-32=29: 1583
6*9-3=51: 1709
76-42=34: 1557
63-14=49: 1586
42-13=29: 1434
7+028=35: 1303
72-49=23: 1420
651/7=93: 1325
5+029=34: 1240
6*5-7=23: 1836
57-24=33: 1570
53-16=37: 1583
752/94=8: 1628
67-25=42: 1506
74-12=62: 1531
8*4/1=32: 1965
9*8/24=3: 1955
34-29=05: 1078
64-52=12: 1582
59-11=48: 1111
4*8/1=32: 1938
66-29=37: 1541
74-46=28: 1519
9*2-3=15: 1862
5*4-12=8: 1936
58-24=34: 1588
592/74=8: 1584
57-11=46: 1145
78-26=52: 1479
52-43=09: 1201
55-21=34: 1573
94-31=63: 1520
342/57=6: 1595
46-12=34: 1639
9+027=36: 1290
4*6+8=32: 1737
61-58=03: 1280
2*043=86: 1324
38-24=14: 1578
12*4/6=8: 1861
51-19=32: 1285
49-11=38: 1080
39-21=18: 1103
61-38=23: 1772
8*9/2=36: 1794
6+029=35: 1271
53-14=39: 1521
4*6-9=15: 1784
41-26=15: 1241
1*32/4=8: 2071
41+29=70: 1301
67-22=45: 1430
56-38=18: 1646
51-27=24: 1440
8*92=736: 1755
41-25=16: 1202
4*9/1=36: 1814
46-18=28: 1738
65-29=36: 1621
36+11=47: 1355
106/2=53: 1671
29+31=60: 1295
44-25=19: 1480
5*8-34=6: 1885
53-46=07: 1217
8*6-5=43: 1791
756/9=84: 1328
5+019=24: 1368
63-19=44: 1589
56-32=24: 1332
658/94=7: 1540
48-35=13: 1515
7+018=25: 1451
71-49=22: 1571
43-29=14: 1524
48-37=11: 1188
9*8/36=2: 1991
47-16=31: 1299
41-16=25: 1282
94-33=61: 1558
31-26=05: 1328
2*36/9=8: 2090
91-33=58: 1605
9+026=35: 1271
7*3-6=15: 1887
81-14=67: 1296
82-14=68: 1755
61-52=09: 1332
7*9-2=61: 1760
52-15=37: 1614
72-68=04: 1201
5*4-7=13: 1748
49-33=16: 1466
5*7-6=29: 1813
75-11=64: 1133
41-15=26: 1249
8*9/24=3: 1942
4*8-29=3: 1822
46-34=12: 1519
3*7-9=12: 1867
51-48=03: 1272
57-42=15: 1670
62-53=09: 1197
8*5-6=34: 1782
56-12=44: 1577
51-49=02: 1281
8*6-7=41: 1814
3*6+9=27: 1747
4*5-7=13: 1770
6+017=23: 1391
52-19=33: 1652
9*7-2=61: 1816
316/79=4: 1587
534/6=89: 1387
6*7-34=8: 1884
1*42/6=7: 2055
52-16=36: 1832
2*73=146: 2014
54-19=35: 1599
35-28=07: 1112
82-51=31: 1365
8+027=35: 1312
3*9-6=21: 1871
67-43=24: 1562
23+17=40: 1339
41-18=23: 1251
2*69=138: 2194
158/79=2: 1489
623/7=89: 1300
61-35=26: 1849
64-36=28: 1553
84-71=13: 1199
55-42=13: 1593
44-29=15: 1487
85-23=62: 1440
5+037=42: 1307
1*28/4=7: 2367
4*7-5=23: 1733
21+49=70: 1324
73-49=24: 1636
56-34=22: 1411
72-69=03: 1249
71-58=13: 1259
53-17=36: 1520
57-23=34: 1453
53-47=06: 1194
73-58=15: 1683
66-27=39: 1534
6*4+8=32: 1739
58-17=41: 1237
37-29=08: 1081
4*2+8=16: 1886
51-17=34: 1183
51-23=28: 1468
3*8-9=15: 1726
49-36=13: 1582
16*2/4=8: 1713
7*012=84: 1361
6+019=25: 1408
9*5-7=38: 1737
48-17=31: 1223
4+027=31: 1391
56-47=09: 1147
4*013=52: 1355
54-35=19: 1483
73-51=22: 1538
51-24=27: 1478
8*4-23=9: 1892
5*8-36=4: 1845
8+4*6=32: 1874
18+75=93: 990
4*6+3=27: 1773
58-43=15: 1531
85-11=74: 1110
67-23=44: 1432
201/3=67: 1630
58-13=45: 1594
57-12=45: 1679
6*5-9=21: 1867
174/58=3: 1596
17+23=40: 1268
59-23=36: 1501
582/97=6: 1564
56-18=38: 1683
71-42=29: 1549
34-06=28: 1199
6*4-9=15: 1806
73-22=51: 1487
66-17=49: 1595
63-47=16: 1619
59-33=26: 1549
35-11=24: 1191
1*27/3=9: 2378
37-28=09: 1134
7+019=26: 1408
62-37=25: 1418
96-22=74: 1304
34-08=26: 1200
204/68=3: 1805
71-59=12: 1244
59-41=18: 1113
5*6-9=21: 1858
65-44=21: 1679
45-37=08: 1143
74-26=48: 1418
4*7/1=28: 1882
8+6*4=32: 1851
207/3=69: 1510
8*5-1=39: 1836
7*8-52=4: 1821
44-19=25: 1594
57-43=14: 1504
261/87=3: 1626
73-29=44: 1519
12+83=95: 1103
81-62=19: 1279
65-43=22: 1439
4*6-5=19: 1780
7*94=658: 1795
74-48=26: 1527
83-31=52: 1567
67-41=26: 1669
4*9-5=31: 1717
4*9+2=38: 1660
75-41=34: 1505
71-19=52: 1243
82-33=49: 1527
64-38=26: 1621
9*3-6=21: 1907
76-44=32: 1521
2*36/8=9: 2127
38-14=24: 1677
7*5-4=31: 1856
73-18=55: 1641
26+54=80: 1309
82-23=59: 1372
21+39=60: 1409
9+5*3=24: 1901
16+31=47: 1315
76-32=44: 1489
38-11=27: 1143
3*8-5=19: 1705
9*4-5=31: 1799
35-24=11: 1224
84-32=52: 1500
24+56=80: 1330
8*3/1=24: 1986
2*017=34: 1374
71-63=08: 1304
61-36=25: 1809
55-43=12: 1561
9*8/12=6: 2032
31-25=06: 1298
34-25=09: 1066
73-26=47: 1703
8+4*2=16: 2003
38-27=11: 1157
9*4+2=38: 1740
24-06=18: 1141
37-11=26: 1179
66-19=47: 1619
82-68=14: 1692
66-25=41: 1633
1*28/7=4: 2331
49-38=11: 1154
81-17=64: 1217
78-27=51: 1654
5*7-4=31: 1830
96-24=72: 1383
9+6*3=27: 1872
68-51=17: 1144
7*3-5=16: 1856
54-26=28: 1320
66-14=52: 1600
68-12=56: 1617
51-03=48: 1269
4*5-12=8: 1942
65-24=41: 1596
36-09=27: 1211
9*2-5=13: 1864
9*84=756: 1774
8+017=25: 1433
7*8-54=2: 1895
61-03=58: 1269
46-15=31: 1162
2*018=36: 1368
63-42=21: 1598
3*6+7=25: 1825
55-34=21: 1707
83-11=72: 1132
78-51=27: 1786
7*6/1=42: 1952
75-14=61: 1266
3*7-2=19: 1908
62-58=04: 1157
5*9-42=3: 1882
69-11=58: 1078
3*54=162: 1977
56-27=29: 1322
92-24=68: 1350
7*52=364: 1810
3*7-6=15: 1870
83-61=22: 1563
52-49=03: 1210
5*9-8=37: 1731
4*8-25=7: 1890
61-23=38: 1589
39-22=17: 1382
84-12=72: 1514
47+11=58: 1287
48-21=27: 1304
4*017=68: 1303
76-12=64: 1536
8*9/36=2: 1952
66-39=27: 1562
75-32=43: 1652
73-44=29: 1590
24-015=9: 1502
66-47=19: 1522
69-23=46: 1609
24-08=16: 1153
36-25=11: 1188
49-35=14: 1529
504/63=8: 1847
68-31=37: 1455
92-28=64: 1303
236/59=4: 1561
81-64=17: 1313
3+6*4=27: 1870
44-15=29: 1594
54-23=31: 1593
5+036=41: 1396
56-13=43: 1654
413/7=59: 1398
59-37=22: 1422
73-32=41: 1692
83-41=42: 1504
15+21=36: 1303
7*3-12=9: 2040
82-46=36: 1729
42-15=27: 1457
67-44=23: 1526
4*59=236: 2101
66-41=25: 1591
43-24=19: 1494
39-27=12: 1418
71-32=39: 1572
32-6*4=8: 1736
12*4/8=6: 1862
63-24=39: 1519
73-55=18: 1545
78-14=64: 1576
1*24/8=3: 2173
35+11=46: 1240
42-19=23: 1485
6*4+3=27: 1810
63-39=24: 1541
38+11=49: 1287
27+13=40: 1323
5+026=31: 1460
46-14=32: 1591
34-026=8: 1454
5*8-9=31: 1722
14+83=97: 1055
57-46=11: 1245
61-26=35: 1771
61-28=33: 1653
34-+6=28: 1514
64-49=15: 1460
77-21=56: 1633
63-29=34: 1441
61-59=02: 1334
64-27=37: 1687
59-26=33: 1560
74-28=46: 1434
2*4+8=16: 1862
8*94=752: 1821
62-35=27: 1425
8*9/12=6: 2026
58-34=24: 1608
4*018=72: 1323
85-22=63: 1419
63-17=46: 1671
94-32=62: 1463
392/56=7: 1583
68-17=51: 1204
73-24=49: 1517
82-29=53: 1401
3*4+6=18: 1887
9+028=37: 1266
7*4+8=36: 1814
406/7=58: 1579
62-59=03: 1224
49-23=26: 1310
83-22=61: 1457
6*4-5=19: 1802
23-015=8: 1480
51-02=49: 1315
76-23=53: 1586
37-26=11: 1219
59-36=23: 1674
48-23=25: 1324
70-22=48: 1515
65-31=34: 1381
73-31=42: 1610
3*7-5=16: 1832
69-47=22: 1475
26-19=07: 1215
9+037=46: 1347
4*89=356: 2114
48+11=59: 1265
8*4-29=3: 1899
25-17=08: 1172
37-22=15: 1414
14+56=70: 1300
75-21=54: 1521
16+54=70: 1304
68-52=16: 1618
7*6/3=14: 1984
84-72=12: 1605
65-39=26: 1672
75-61=14: 1171
55-12=43: 1655
68-14=54: 1533
47-21=26: 1366
95-23=72: 1412
54-28=26: 1308
42+27=69: 1465
64-37=27: 1723
38+52=90: 1259
57-45=12: 1578
6+025=31: 1402
3+049=52: 1289
6*9/3=18: 1915
65-42=23: 1434
34-18=16: 1068
6+035=41: 1351
84-13=71: 1225
32-14=18: 1115
1*63/9=7: 2069
6*12/8=9: 2075
7*6-38=4: 1892
84-51=33: 1585
8*7-54=2: 1915
6*8-43=5: 1885
81-67=14: 1259
37+11=48: 1333
3+4*6=27: 1887
7+016=23: 1442
8+015=23: 1394
73-16=57: 1784
3*9/1=27: 1974
32-4*6=8: 1680
56-49=07: 1171
93-21=72: 1461
53-26=27: 1399
56+14=70: 1278
35-09=26: 1236
81-12=69: 1223
48-13=35: 1507
7*93=651: 1935
32+58=90: 1290
35-06=29: 1269
2+4*9=38: 1811
56-29=27: 1337
82-39=43: 1626
73-15=58: 1559
5+8*3=29: 1859
49-34=15: 1506
64-45=19: 1462
66-12=54: 1604
67-24=43: 1457
83-71=12: 1240
5*4-18=2: 1920
2*93=186: 1954
34-16=18: 1049
67+23=90: 1165
82-36=46: 1728
63-16=47: 1662
62-04=58: 1188
71-39=32: 1545
53-27=26: 1358
63-46=17: 1608
55-24=31: 1676
75-31=44: 1449
65-52=13: 1690
4+5*3=19: 1956
9*4/3=12: 2011
29+51=80: 1367
82-18=64: 1668
61-54=07: 1337
8*4-25=7: 1917
65-12=53: 1650
2+049=51: 1363
59-24=35: 1606
8+029=37: 1235
50-31=19: 1259
17+31=48: 1303
53-19=34: 1490
59-48=11: 1182
72-34=38: 1431
3*018=54: 1303
45-38=07: 1139
86-31=55: 1527
2*9-3=15: 1796
76-64=12: 1578
9*6/3=18: 1985
3+059=62: 1347
58+32=90: 1220
6*12/9=8: 2065
36-12=24: 1507
15+82=97: 1129
49-13=36: 1524
18+31=49: 1295
63+27=90: 1204
54-37=17: 1667
23-16=07: 1244
76-54=22: 1480
102-94=8: 1560
78-24=54: 1573
54+16=70: 1267
59-34=25: 1636
13+84=97: 1110
86-11=75: 1125
61-053=8: 1536
59+21=80: 1279
15+31=46: 1211
81-69=12: 1250
98-22=76: 1330
6+3*4=18: 1998
85-71=14: 1231
76-21=55: 1605
9*5-8=37: 1811
65-53=12: 1629
46+11=57: 1324
39-11=28: 1170
55-13=42: 1634
59-18=41: 1215
81-22=59: 1488
83-32=51: 1655
64-15=49: 1466
34-+8=26: 1527
38-12=26: 1448
106/53=2: 1865
3*7-12=9: 2054
26-17=09: 1177
6*8-41=7: 1876
68-13=55: 1513
51-043=8: 1482
69-42=27: 1474
76-14=62: 1525
4+019=23: 1400
7+6*3=25: 1939
81-29=52: 1535
31-06=25: 1448
91-36=55: 1701
75-33=42: 1551
79-11=68: 1129
52+38=90: 1263
66-49=17: 1541
78-23=55: 1515
3*12/4=9: 2137
8*37=296: 1991
6*57=342: 2035
68-53=15: 1589
11+36=47: 1461
6*3+7=25: 1892
40-22=18: 1494
5*9-43=2: 1845
71-69=02: 1310
72-03=69: 1214
51-042=9: 1569
91-38=53: 1717
53-29=24: 1309
57-16=41: 1306
3*64=192: 1921
7*2+4=18: 1910
64-19=45: 1471
66-37=29: 1559
9+025=34: 1278
1*54/6=9: 2103
67-45=22: 1461
4*6-15=9: 1942
7+039=46: 1314
36-14=22: 1523
54-15=39: 1524
6*8-45=3: 1907
7+9-2=14: 1841
81-23=58: 1768
7+024=31: 1396
65-26=39: 1574
23-18=05: 1212
65-19=46: 1616
52+11=63: 1381
75-64=11: 1309
78-64=14: 1605
37-25=12: 1425
62-054=8: 1431
69-25=44: 1518
59-32=27: 1422
66-54=12: 1579
43-19=24: 1641
4*6+5=29: 1839
58-32=26: 1362
16+21=37: 1289
42-07=35: 1211
23-15=08: 1168
36-07=29: 1212
58-36=22: 1406
267/89=3: 1483
45-12=33: 1658
57+23=80: 1171
84-52=32: 1558
13+82=95: 1086
46-21=25: 1341
63-54=09: 1225
36-19=17: 1048
3*18/6=9: 2370
41-05=36: 1224
68-57=11: 1192
76-19=57: 1697
41-035=6: 1513
89-27=62: 1442
2*019=38: 1326
39+41=80: 1294
84-73=11: 1304
24-19=05: 1213
6*7/1=42: 1885
67-26=41: 1640
98-26=72: 1391
95-22=73: 1410
4*38=152: 2127
35-07=28: 1233
60-22=38: 1526
2*18/4=9: 2438
91-32=59: 1922
8*3-9=15: 1823
9+036=45: 1361
41-036=5: 1500
18+21=39: 1279
41-06=35: 1267
35-14=21: 1332
2+039=41: 1401
94-62=32: 1568
75-51=24: 1656
92-27=65: 1371
56-14=42: 1561
4*8-27=5: 1892
3*8+5=29: 1759
40-26=14: 1706
49-18=31: 1196
3*7+4=25: 1858
65-13=52: 1602
87-34=53: 1640
8*7-52=4: 1859
47-39=08: 1130
38-16=22: 1495
94-61=33: 1593
35-17=18: 1055
76-52=24: 1415
51+29=80: 1393
42-035=7: 1475
94-41=53: 1509
4*9/3=12: 1931
7*59=413: 2097
98-34=64: 1575
81-53=28: 1879
7+4*3=19: 1974
4*6+1=25: 1948
53-24=29: 1331
34-09=25: 1223
49-26=23: 1344
104-96=8: 1498
1*32/8=4: 2040
79-61=18: 1162
49-21=28: 1346
9+017=26: 1382
12+24=36: 1510
7+9-4=12: 1816
63-34=29: 1583
69-51=18: 1096
75-24=51: 1626
61-57=04: 1297
73-27=46: 1620
8*5-9=31: 1792
40-24=16: 1672
65-49=16: 1582
34-+26=8: 1586
6*29=174: 2195
201/67=3: 1936
9*8-7=65: 1662
3*14/7=6: 2187
32-17=15: 1160
632/79=8: 1549
78-31=47: 1673
32-18=14: 1143
7*5-26=9: 1981
17+41=58: 1248
78-41=37: 1663
85-31=54: 1504
56-25=31: 1686
23-17=06: 1199
86-71=15: 1237
7*28=196: 2148
21+59=80: 1491
8*9-7=65: 1664
76-18=58: 1741
4+7*2=18: 1903
73-64=09: 1333
3*5+9=24: 1781
5+6*4=29: 1913
2+9*4=38: 1795
77-24=53: 1649
6*8+4=52: 1714
68-37=31: 1518
12+85=97: 1119
25-18=07: 1187
3*7+5=26: 1777
65-34=31: 1504
97-33=64: 1538
96-42=54: 1604
72-04=68: 1215
72-064=8: 1398
78-53=25: 1667
32+27=59: 1422
87-22=65: 1469
53+27=80: 1203
74-49=25: 1541
76-29=47: 1708
93-31=62: 1574
76-34=42: 1495
75-56=19: 1616
69-26=43: 1583
75-54=21: 1775
98-33=65: 1509
83-51=32: 1628
76-17=59: 1624
62-08=54: 1183
34-025=9: 1484
75-16=59: 1590
6*3+9=27: 1846
37-23=14: 1533
74-19=55: 1568
97-34=63: 1652
18+26=44: 1530
56-35=21: 1724
66-52=14: 1565
52-03=49: 1275
8*6-43=5: 1962
3*14/6=7: 2224
37-24=13: 1613
71-68=03: 1334
86-41=45: 1411
44+18=62: 1584
1*36/9=4: 2159
4*7+8=36: 1799
73-17=56: 1660
50-11=39: 1277
5*7-26=9: 1953
31-024=7: 1661
89-33=56: 1552
8*5-36=4: 1930
38-23=15: 1482
4+2*7=18: 1925
472/59=8: 1585
35-16=19: 1061
7*3+4=25: 1891
4+7*3=25: 1865
91-56=35: 1785
85-51=34: 1562
4*5-18=2: 1950
6*7-38=4: 1887
74-59=15: 1595
63-59=04: 1182
56+34=90: 1226
42-05=37: 1217
71-062=9: 1538
6*4-15=9: 1939
67+13=80: 1277
8+2*4=16: 1998
70-28=42: 1624
92*4=368: 1690
31+16=47: 1501
49+31=80: 1260
74-29=45: 1483
63-38=25: 1571
87-25=62: 1487
84-27=57: 1710
47-38=09: 1165
6*89=534: 2099
94-43=51: 1516
8+4*7=36: 1888
3+048=51: 1410
4*8+7=39: 1706
5+7*3=26: 1900
40-14=26: 1727
4*3+6=18: 1901
60-11=49: 1264
54-17=37: 1742
45+22=67: 1480
8*5-34=6: 1955
3+058=61: 1425
58-45=13: 1459
63-35=28: 1523
36+22=58: 1418
84-26=58: 1636
49-16=33: 1576
16-2*4=8: 1594
11+47=58: 1360
40-16=24: 1760
93-36=57: 1553
7*56=392: 1983
2*038=76: 1205
9*52=468: 1782
51-28=23: 1513
36-027=9: 1422
54+36=90: 1233
9*8/6=12: 1909
79-12=67: 1796
79-32=47: 1756
36-17=19: 1037
23-014=9: 1500
82-49=33: 1603
87-21=66: 1609
92-25=67: 1374
23+57=80: 1303
63+17=80: 1318
52-043=9: 1500
22+37=59: 1465
9*8+2=74: 1769
16+41=57: 1289
24*3/9=8: 1723
14+22=36: 1490
76-27=49: 1598
6*4+1=25: 1953
6+039=45: 1306
11+38=49: 1417
8*4-27=5: 1933
48-15=33: 1524
5*3+9=24: 1769
77-23=54: 1583
9+7-2=14: 1903
57-15=42: 1605
7+8-2=13: 1896
68-16=52: 1540
35-19=16: 1026
45-13=32: 1586
6*8+3=51: 1739
93-32=61: 1639
67-42=25: 1406
2*9-5=13: 1798
71-02=69: 1309
41-02=39: 1363
76-62=14: 1577
4+058=62: 1351
36+54=90: 1310
3+8*6=51: 1885
69-13=56: 1621
73-46=27: 1761
54+22=76: 1418
2*+34=68: 1441
43+18=61: 1416
16-4*2=8: 1677
57+11=68: 1314
8*6-45=3: 1963
35-18=17: 1146
77-53=24: 1688
73-41=32: 1604
2*78=156: 2205
85-14=71: 1268
14+21=35: 1273
68-54=14: 1526
83-12=71: 1267
43-14=29: 1588
57-13=44: 1496
4*8/32=1: 2110
9*6/1=54: 1883
72+-8=64: 1444
38-25=13: 1498
9*4/12=3: 2156
40-21=19: 1273
51-08=43: 1331
69-53=16: 1640
8+019=27: 1439
504/8=63: 1635
69-24=45: 1533
69-45=24: 1626
62-03=59: 1220
9*5-42=3: 1961
77-26=51: 1734
51-09=42: 1310
2*048=96: 1226
37-13=24: 1598
2+059=61: 1423
41+17=58: 1373
79-42=37: 1753
49-14=35: 1536
34-028=6: 1451
73-56=17: 1773
98-24=74: 1508
65-16=49: 1609
23-016=7: 1549
3*8+1=25: 1846
11+37=48: 1400
37-16=21: 1333
7+049=56: 1356
57-44=13: 1471
7*9/1=63: 1855
3*9+1=28: 1855
69-44=25: 1579
89-22=67: 1409
38-13=25: 1568
6+9-3=12: 1854
61-08=53: 1304
74-15=59: 1516
92-37=55: 1576
6*8+1=49: 1783
88-21=67: 1595
40-28=12: 1621
73-52=21: 1580
4*9-31=5: 1904
9+053=62: 1361
76-49=27: 1751
76-53=23: 1709
8*9-5=67: 1665
75-42=33: 1605
39-28=11: 1209
12+51=63: 1369
76-59=17: 1681
48-29=19: 1686
2+8*9=74: 1816
31-05=26: 1415
72-09=63: 1239
23-018=5: 1469
6*8-47=1: 1892
534/89=6: 1617
85-63=22: 1484
81-19=62: 1183
31+49=80: 1396
78-62=16: 1647
11+57=68: 1376
38-17=21: 1251
623/89=7: 1588
7*4-23=5: 1936
3*8-15=9: 1950
3*4+7=19: 1872
6*9-51=3: 1910
104-98=6: 1484
77-41=36: 1608
3*9-21=6: 1967
6*4-23=1: 2043
41-032=9: 1537
47+22=69: 1472
72-38=34: 1496
7*8+3=59: 1677
69-18=51: 1239
14+24=38: 1648
78*4=312: 1784
73-42=31: 1668
81-34=47: 1657
9*5-43=2: 1929
66-45=21: 1689
9+015=24: 1396
74-25=49: 1477
48+13=61: 1351
36-15=21: 1288
24-15=09: 1180
31+18=49: 1410
12+39=51: 1413
11+35=46: 1316
8*3-5=19: 1807
32+24=56: 1415
45-06=39: 1217
65-36=29: 1608
3*87=261: 2051
7*3+5=26: 1861
63+11=74: 1337
34+28=62: 1475
4*9/12=3: 2100
483/69=7: 1597
9+3*6=27: 1894
41+39=80: 1368
32+26=58: 1442
93-22=71: 1461
9*4/2=18: 1978
95-33=62: 1568
1+6*8=49: 1871
4*5-13=7: 1905
9*3/1=27: 2011
81-44=37: 1645
18+23=41: 1328
83-42=41: 1575
3*58=174: 2162
4*9/2=18: 1902
34+-8=26: 1495
49-15=34: 1566
78-33=45: 1464
35-+6=29: 1600
84-53=31: 1601
75-19=56: 1537
39-26=13: 1583
6*9+4=58: 1665
72-063=9: 1415
9+016=25: 1415
78-12=66: 1576
69-31=38: 1512
86-51=35: 1614
81-37=44: 1656
7*9-62=1: 1945
74-45=29: 1549
5*9+3=48: 1647
75-27=48: 1622
42+11=53: 1361
48-25=23: 1296
8*9/6=12: 1920
77-54=23: 1781
69-43=26: 1636
22+14=36: 1619
5*82=410: 2231
48-27=21: 1385
58+11=69: 1257
87-41=46: 1481
36-+9=27: 1493
22+47=69: 1503
73-69=04: 1274
46-09=37: 1230
77-29=48: 1622
7+035=42: 1307
1+8*6=49: 1840
2*9-13=5: 1981
74-69=05: 1246
4*9/18=2: 2054
39-17=22: 1530
81-26=55: 1701
75-44=31: 1567
6*9+3=57: 1689
6*9/18=3: 2045
89-36=53: 1658
34-05=29: 1195
8+054=62: 1362
45-09=36: 1187
93-37=56: 1518
9+018=27: 1461
6*7/3=14: 1957
92-64=28: 1467
82-53=29: 1451
85-34=51: 1604
58-15=43: 1531
76-28=48: 1667
7+9-12=4: 1909
86-15=71: 1217
3*18/9=6: 2339
82-43=39: 1541
94-11=83: 1116
4*8+5=37: 1700
46-07=39: 1217
83-72=11: 1335
87-33=54: 1523
1+42/6=8: 1986
77-31=46: 1629
17+21=38: 1226
34+22=56: 1384
91-43=48: 1567
4*9+1=37: 1779
79-36=43: 1655
37-12=25: 1506
8*6-41=7: 1937
3+069=72: 1344
8*9+2=74: 1743
4+3*7=25: 1918
4*39=156: 2231
25+11=36: 1342
39-12=27: 1523
61-02=59: 1313
9*4/18=2: 2101
60-28=32: 1638
91-35=56: 1631
34+56=90: 1281
40-11=29: 1346
38+24=62: 1493
104-6=98: 1245
9+7-4=12: 1880
9+3*5=24: 1921
4*7-23=5: 1934
9*8-5=67: 1661
52*8=416: 1920
4+068=72: 1372
9+038=47: 1393
34-19=15: 1066
45-07=38: 1206
9+8-3=14: 1853
5*8-31=9: 1898
13+67=80: 1378
4*6+7=31: 1905
7*6/42=1: 2144
32-15=17: 1149
63-25=38: 1479
128/2=64: 1962
1*54/9=6: 2059
3+6*8=51: 1931
78-57=21: 1771
18+43=61: 1330
7+8*4=39: 1921
31-025=6: 1667
94-63=31: 1622
83-36=47: 1560
5*6-23=7: 1968
3*12/9=4: 2098
79-62=17: 1805
60-32=28: 1534
6*9-53=1: 1905
23-05=18: 1170
7*9-61=2: 1914
7*9/3=21: 1981
7*8/1=56: 1921
92-36=56: 1738
74-55=19: 1533
8+7*3=29: 1895
48+14=62: 1574
72-08=64: 1202
7*9+2=65: 1747
79-33=46: 1546
63-28=35: 1529
23-08=15: 1227
40-12=28: 1590
34+-6=28: 1474
92-68=24: 1456
7*3-19=2: 1992
86-45=41: 1485
6+9-2=13: 1898
76-51=25: 1751
9+6-3=12: 1938
5*9+1=46: 1753
77-28=49: 1643
756/84=9: 1579
83-62=21: 1596
35-08=27: 1240
4*6-23=1: 2050
26-017=9: 1441
6*4+7=31: 1943
91-53=38: 1625
6*4+5=29: 1840
93-61=32: 1678
71-03=68: 1297
5+4*6=29: 1934
6*2+3=15: 1979
31-026=5: 1649
22+36=58: 1522
1*27/9=3: 2344
25-017=8: 1442
24-09=15: 1225
85-74=11: 1351
18+41=59: 1253
73-47=26: 1654
8*4/32=1: 2156
61-052=9: 1568
12+41=53: 1316
96-44=52: 1522
68-56=12: 1568
26+11=37: 1356
5*4-13=7: 1887
102-4=98: 1348
25-016=9: 1502
5*9+2=47: 1752
9*8/1=72: 1816
5*6-21=9: 1947
102-98=4: 1564
82-59=23: 1467
96-11=85: 1110
52-09=43: 1278
13+28=41: 1384
84-49=35: 1530
94-26=68: 1502
16+28=44: 1514
37+22=59: 1454
65-46=19: 1571
81-47=34: 1693
9+032=41: 1412
60-41=19: 1233
13+48=61: 1374
53+11=64: 1231
86-35=51: 1544
24*3/8=9: 1720
9+047=56: 1318
50-26=24: 1501
91-52=39: 1923
2*9-15=3: 1990
6*9/1=54: 1849
7*89=623: 1980
53-06=47: 1306
1+6*4=25: 1956
62+11=73: 1317
51+17=68: 1403
37-14=23: 1711
27-19=08: 1239
6*5-23=7: 1947
8+7*4=36: 1918
7*4+1=29: 1863
36-029=7: 1461
83-37=46: 1531
1*56/7=8: 2195
3*026=78: 1157
77-13=64: 1645
86-75=11: 1317
51-048=3: 1510
35-026=9: 1502
27+53=80: 1276
95-32=63: 1678
11+24=35: 1395
37-09=28: 1216
1+4*9=37: 1833
9+043=52: 1279
71-063=8: 1528
96-39=57: 1640
42+25=67: 1476
413/59=7: 1615
75-43=32: 1555
50-24=26: 1545
2+9*5=47: 1829
75-59=16: 1554
23-017=6: 1491
25-16=09: 1184
11+28=39: 1428
62-09=53: 1260
87-61=26: 1764
7*6/14=3: 2119
28+16=44: 1586
39-23=16: 1496
12/6*4=8: 1990
28+18=46: 1791
6*35=210: 2459
42-037=5: 1438
16+22=38: 1487
8*6+4=52: 1791
31-07=24: 1390
14+48=62: 1573
96-43=53: 1636
34+24=58: 1572
7*5-29=6: 1937
2*039=78: 1228
77-14=63: 1677
8+2*3=14: 1983
4+8*6=52: 1865
31+17=48: 1410
3*+16=48: 1496
41-09=32: 1368
75-28=47: 1703
31-04=27: 1434
86-13=73: 1612
3*7-16=5: 2001
53-07=46: 1267
68-55=13: 1537
11+26=37: 1412
8+064=72: 1384
78-52=26: 1426
1*72/8=9: 1981
6*2+7=19: 1901
77-51=26: 1732
9*6/18=3: 2082
4*2+7=15: 1919
97-31=66: 1551
97-61=36: 1683
7+8-3=12: 1813
67-46=21: 1686
9+7-12=4: 1945
5*7-29=6: 1903
79*4=316: 1717
85-54=31: 1659
15+33=48: 1608
17+63=80: 1341
7+4*2=15: 2022
9*6+3=57: 1731
79-68=11: 1271
7*4-25=3: 1921
41+18=59: 1378
56+22=78: 1425
73-65=08: 1260
48-19=29: 1817
81-25=56: 1644
7+3*6=25: 1979
18+28=46: 1702
70-42=28: 1556
72+-4=68: 1452
31+15=46: 1364
25-07=18: 1194
83-17=66: 1615
98-62=36: 1743
60-24=36: 1834
78-56=22: 1494
28+34=62: 1497
23-14=09: 1200
47-26=21: 1467
36-+7=29: 1495
9*2-15=3: 2034
94-28=66: 1522
77-32=45: 1673
76-57=19: 1628
69-16=53: 1597
8+039=47: 1355
25-19=06: 1197
8+053=61: 1409
9*6-53=1: 1928
17+51=68: 1294
7+6*4=31: 1994
16*2/8=4: 1723
57-29=28: 1356
79-18=61: 1268
7+046=53: 1418
4*6-21=3: 2001
79-17=62: 1677
26+23=49: 1367
27+63=90: 1325
71-35=36: 1574
9+014=23: 1401
3+6*9=57: 1825
12+49=61: 1376
11+25=36: 1390
72-16=56: 1791
88-36=52: 1650
91-55=36: 1690
86-21=65: 1536
46-25=21: 1456
8+9-3=14: 1853
72-+4=68: 1464
88-32=56: 1657
76-58=18: 1725
50-33=17: 1634
7+6*2=19: 2007
23+67=90: 1340
72-+3=69: 1488
76-47=29: 1609
77-19=58: 1687
8*6+3=51: 1796
69-46=23: 1602
42+19=61: 1419
84-28=56: 1580
8*79=632: 2031
11+27=38: 1296
3*7+8=29: 1811
104-8=96: 1260
2*6+3=15: 1950
9*7/1=63: 1913
33+24=57: 1634
7*3+8=29: 1885
57-28=29: 1397
36-4*7=8: 1675
11+48=59: 1404
40-+32=8: 1833
9*2-13=5: 2021
70-26=44: 1684
24+14=38: 1743
35+27=62: 1561
72-+8=64: 1477
73-57=16: 1678
88-27=61: 1678
70-11=59: 1250
88-61=27: 1760
72-+64=8: 1590
77-49=28: 1695
9+6-2=13: 1963
96-32=64: 1538
72+-9=63: 1461
9*6+4=58: 1756
33+26=59: 1626
61-09=52: 1322
46-+9=37: 1468
36+19=55: 1728
7*3-16=5: 1978
24-+16=8: 1572
8*6+1=49: 1820
12+26=38: 1524
5+3*7=26: 1928
3*21/7=9: 2187
4*2+9=17: 1871
98-35=63: 1577
91-39=52: 1805
51+12=63: 1473
3*5+4=19: 1962
7*6+1=43: 1917
8+043=51: 1406
26+18=44: 1581
7+038=45: 1328
41-039=2: 1510
56-07=49: 1198
7+4*6=31: 2004
43+22=65: 1443
81-56=25: 1871
26+32=58: 1440
6*4-21=3: 2000
78-66=12: 1552
75-39=36: 1448
4*019=76: 1285
84-39=45: 1532
83-15=68: 1706
93-24=69: 1750
9+4*3=21: 2012
42+23=65: 1411
77-46=31: 1742
7*9+1=64: 1698
35+13=48: 1660
78-35=43: 1549
8*9/1=72: 1822
8+3*2=14: 2006
79-24=55: 1656
81-75=06: 1400
68-19=49: 1792
94-66=28: 1613
92-35=57: 1540
59-25=34: 1462
9+063=72: 1401
96-51=45: 1613
23-19=04: 1176
31-027=4: 1615
24-019=5: 1489
9+042=51: 1376
96-23=73: 1550
89-61=28: 1778
3+6*2=15: 2085
79-67=12: 1715
78-29=49: 1719
96-37=59: 1698
70-46=24: 1795
246/3=82: 1945
5*6-27=3: 1956
52+12=64: 1647
9*4+1=37: 1855
40-18=22: 1649
33+16=49: 1714
67-32=35: 1516
73-68=05: 1295
46-+7=39: 1474
84-29=55: 1533
5+4*3=17: 1936
35-+9=26: 1538
91-16=75: 1227
44+21=65: 1621
57-49=08: 1153
6*5-21=9: 1952
83-65=18: 1733
83-67=16: 1677
8*9+4=76: 1712
87-32=55: 1645
50-37=13: 1717
76-48=28: 1690
87-46=41: 1604
26-09=17: 1195
81-52=29: 1578
42-+7=35: 1475
3*7-15=6: 1987
74+11=85: 1289
126/3=42: 2060
11+46=57: 1439
59-35=24: 1512
79-54=25: 1791
78-16=62: 1521
89-21=68: 1631
24+38=62: 1509
22+34=56: 1446
14-2*3=8: 1633
3*4+5=17: 1889
52-+3=49: 1448
69-58=11: 1220
3*2+9=15: 1904
28+11=39: 1312
72+11=83: 1331
9+8-4=13: 1882
98-32=66: 1586
2*6+7=19: 1880
78-54=24: 1617
12*6/9=8: 1890
79-37=42: 1654
68-49=19: 1699
26-07=19: 1172
1+4*6=25: 1946
9*4/36=1: 2109
86-67=19: 1558
95-73=22: 1562
32+19=51: 1442
79-47=32: 1664
57-14=43: 1480
77-18=59: 1736
69-56=13: 1629
84-56=28: 1704
3+9*5=48: 1804
19+32=51: 1413
74-65=09: 1222
25+23=48: 1377
16+39=55: 1645
75-34=41: 1528
18+44=62: 1562
8*3+5=29: 1869
75-47=28: 1644
4*9-35=1: 1859
36*2/9=8: 1685
6*7+1=43: 1942
14+37=51: 1313
3*89=267: 2012
26+21=47: 1457
98-64=34: 1656
79-45=34: 1613
85-17=68: 1690
93-71=22: 1595
3*9-26=1: 2001
5*9-37=8: 1797
6*7/14=3: 2123
6*013=78: 1343
23-06=17: 1243
52-+43=9: 1637
82-73=09: 1330
6+5*3=21: 2022
7*3-15=6: 1968
2+5*9=47: 1867
72-+63=9: 1626
24-05=19: 1189
27+32=59: 1489
38-15=23: 1613
37-08=29: 1261
34+23=57: 1539
92-57=35: 1673
93-27=66: 1568
3+9*6=57: 1835
9*8+4=76: 1718
41+22=63: 1656
2*7+4=18: 1872
81-59=22: 1580
22+16=38: 1584
53+18=71: 1450
96-31=65: 1555
2*18/9=4: 2400
102-8=94: 1330
23-07=16: 1213
93-29=64: 1601
9*6-51=3: 1946
11+52=63: 1488
60-38=22: 1605
79-44=35: 1547
47-09=38: 1207
4*5-17=3: 1872
9*7-62=1: 1988
77-42=35: 1685
75-36=39: 1466
8*6-47=1: 1933
68-15=53: 1504
96-74=22: 1503
93-66=27: 1692
4+5*7=39: 1845
74-36=38: 1404
85-62=23: 1534
5+8*4=37: 1812
4*7-25=3: 1911
7*6+3=45: 1782
96-72=24: 1483
61-058=3: 1528
43+21=64: 1650
34-15=19: 1071
98-66=32: 1674
1*72/9=8: 1937
23+26=49: 1423
78-43=35: 1464
45-08=37: 1215
4*8-2=30: 2095
36+23=59: 1564
34-+28=6: 1610
15+27=42: 1553
3*2+8=14: 1888
16/4*2=8: 1856
62-+3=59: 1486
44+23=67: 1539
128/4=32: 1960
9*5+3=48: 1732
52+24=76: 1470
3+8*7=59: 1771
77-12=65: 1745
24+32=56: 1444
14+39=53: 1633
3*7-19=2: 2015
83-66=17: 1657
40-+2=38: 1711
15+26=41: 1349
72+-3=69: 1464
50-39=11: 1319
96-41=55: 1555
93-11=82: 1152
32+14=46: 1654
8+049=57: 1353
73+11=84: 1325
45-036=9: 1449
34-+25=9: 1653
8+7-2=13: 1935
74-38=36: 1419
30-+6=24: 1726
62-053=9: 1450
71-09=62: 1284
4*9/36=1: 2059
9*3+1=28: 1952
37+18=55: 1724
5*64=320: 2236
6*97=582: 1980
83-18=65: 1675
41+23=64: 1744
6+9-12=3: 1985
4+9*6=58: 1791
83-16=67: 1616
71-36=35: 1590
43+29=72: 1472
34-+9=25: 1495
70-48=22: 1643
46+28=74: 1569
9+048=57: 1365
69-14=55: 1595
64+11=75: 1311
32+29=61: 1587
2*79=158: 2178
9*7/3=21: 2009
51-049=2: 1520
42+21=63: 1562
93-81=12: 1293
27-18=09: 1266
93-26=67: 1541
16+18=34: 1168
78-25=53: 1480
1*56/8=7: 2188
94-27=67: 1698
13+61=74: 1336
25+37=62: 1566
94-81=13: 1249
18+17=35: 1202
79-63=16: 1639
76-25=51: 1644
62+-9=53: 1494
58-39=19: 1705
86-55=31: 1602
6*7/42=1: 2100
88-23=65: 1631
77-59=18: 1672
8*7/1=56: 1926
3+6*7=45: 1851
94-51=43: 1525
18+51=69: 1254
78-49=29: 1781
77-36=41: 1733
67-52=15: 1751
4+6*9=58: 1779
56-09=47: 1214
7+4*8=39: 1940
92-55=37: 1596
60-36=24: 1740
18-4*3=6: 1698
94-68=26: 1677
5+3*8=29: 1934
67-12=55: 1703
3*8/24=1: 2174
36+13=49: 1638
8*3+1=25: 1924
69-54=15: 1658
41+16=57: 1458
5+6*2=17: 2022
4*+17=68: 1497
5*7+4=39: 1772
38+18=56: 1760
79-13=66: 1587
1+9*3=28: 1866
69-32=37: 1547
42+-7=35: 1473
95-11=84: 1095
61-04=57: 1347
3*5+2=17: 1941
4+8*9=76: 1816
42-+5=37: 1449
44+25=69: 1561
8+9-4=13: 1892
8*3-15=9: 2001
42+14=56: 1675
77-64=13: 1693
77-63=14: 1652
2+069=71: 1424
48+26=74: 1558
28+21=49: 1455
62-058=4: 1348
77-58=19: 1713
91-76=15: 1351
37-15=22: 1493
8+037=45: 1347
44+12=56: 1692
78-47=31: 1699
60-26=34: 1704
67-59=08: 1157
19+33=52: 1642
78-37=41: 1689
3+8*2=19: 1939
73-04=69: 1316
9*5+1=46: 1849
24*7=168: 1871
80-44=36: 1764
70-51=19: 1271
9+6-12=3: 2010
44+29=73: 1536
91-15=76: 1160
4*6-19=5: 1907
103-95=8: 1576
57-48=09: 1166
6*5-27=3: 1945
3*019=57: 1280
18+16=34: 1163
67*2=134: 1812
89-23=66: 1588
34-029=5: 1427
5*4-17=3: 1842
60-34=26: 1859
5*7-34=1: 1885
96-34=62: 1550
13+58=71: 1427
34-+5=29: 1505
46+-9=37: 1442
74-39=35: 1383
9+054=63: 1408
79-46=33: 1598
8*9+3=75: 1700
84-59=25: 1687
91-75=16: 1285
25+17=42: 1592
54+14=68: 1601
75-48=27: 1760
43*6=258: 1818
15+22=37: 1556
8*4+5=37: 1779
42-+35=7: 1607
6+047=53: 1339
27+21=48: 1413
39-16=23: 1704
21+27=48: 1550
27+29=56: 1395
11+42=53: 1434
5+4*2=13: 2011
27+11=38: 1275
81-76=05: 1436
7+2*6=19: 2019
3+5*9=48: 1798
9*3-26=1: 2040
86-69=17: 1590
86-73=13: 1711
30-+4=26: 1762
7+9-14=2: 1896
9+052=61: 1434
7+8-12=3: 2005
7+3*4=19: 2036
70-24=46: 1658
81-55=26: 1780
26-019=7: 1430
168/42=4: 2238
91-73=18: 1243
8*4-2=30: 2166
76+14=90: 1285
84-57=27: 1782
91-58=33: 1717
62+12=74: 1612
81-72=09: 1453
12+44=56: 1645
3*8-4=20: 2130
84-45=39: 1537
7*5-34=1: 1946
96-62=34: 1643
70-44=26: 1731
38+17=55: 1635
8*012=96: 1316
68-39=29: 1765
85-42=43: 1517
25-018=7: 1462
35-029=6: 1473
72-56=16: 1783
94-29=65: 1609
78-55=23: 1590
9*7+2=65: 1811
35-027=8: 1452
35+-6=29: 1546
28+26=54: 1403
37-18=19: 1076
83-52=31: 1690
86-17=69: 1534
36+-9=27: 1453
9*7-61=2: 1972
4*3+7=19: 1870
49+12=61: 1393
93-67=26: 1731
1+8*3=25: 1886
7*9/21=3: 2137
16+33=49: 1603
12+33=45: 1684
5*3+4=19: 1944
22+45=67: 1522
96-64=32: 1674
89-67=22: 1500
6*7+3=45: 1779
9*8+3=75: 1691
3*4+9=21: 1941
32+44=76: 1549
40+-2=38: 1711
8*4+7=39: 1788
7*6+9=51: 1801
89-31=58: 1665
4*+19=76: 1456
39-18=21: 1277
38+26=64: 1575
96-61=35: 1608
89-63=26: 1762
5*86=430: 2335
9*4-31=5: 1954
98-63=35: 1568
83-46=37: 1524
91-13=78: 1141
79-43=36: 1525
30+-6=24: 1735
2+9*8=74: 1813
45-+7=38: 1469
18+53=71: 1332
102-95=7: 1554
60-33=27: 1727
87-54=33: 1646
80-32=48: 1893
75+11=86: 1321
35+24=59: 1618
51+18=69: 1409
3*+26=78: 1376
8+7-3=12: 1881
24+33=57: 1593
79-16=63: 1590
9*5+2=47: 1855
24+12=36: 1580
14-3*2=8: 1660
85-43=42: 1483
9*4-35=1: 1914
68+11=79: 1269
4*7+1=29: 1835
24-5*3=9: 1756
9+064=73: 1446
36+17=53: 1701
72-068=4: 1406
94-13=81: 1188
63-04=59: 1251
18+37=55: 1610
1+6*7=43: 1915
7*5+1=36: 1842
36*2/8=9: 1701
3*8-19=5: 1898
79-66=13: 1614
36+16=52: 1854
40+-8=32: 1687
83-47=36: 1511
80-36=44: 1774
128/64=2: 2167
95-52=43: 1614
24+34=58: 1617
68-29=39: 1741
27-6*3=9: 1784
88-12=76: 1625
78-45=33: 1511
5*3+2=17: 1963
92-16=76: 1700
83-68=15: 1720
3+068=71: 1470
96-52=44: 1578
51+31=82: 1458
34+-26=8: 1543
25-08=17: 1221
69-38=31: 1590
80-14=66: 1804
2*8+3=19: 1833
1+4*7=29: 1856
1+5*7=36: 1854
58+13=71: 1367
6+9-13=2: 1950
7*5+4=39: 1831
62-+54=8: 1609
2*+43=86: 1485
39+13=52: 1693
80-46=34: 1798
9+8-2=15: 1900
72-+9=63: 1464
85-69=16: 1656
97-64=33: 1686
22+41=63: 1608
18+06=24: 1240
4+6*8=52: 1884
2+5*3=17: 1977
5*9-38=7: 1765
34+19=53: 1641
91-25=66: 1678
14+42=56: 1664
52+26=78: 1450
11+53=64: 1318
3*027=81: 1323
3*029=87: 1212
80-34=46: 1768
13+51=64: 1245
45+24=69: 1585
63-09=54: 1211
41+12=53: 1466
40+-32=8: 1816
7*6-2=40: 2112
95-42=53: 1523
81-28=53: 1780
5*62=310: 2308
21+26=47: 1613
8*74=592: 1824
74-35=39: 1381
26+28=54: 1359
5*7+1=36: 1852
88-67=21: 1801
89-43=46: 1544
7*5-31=4: 1903
77-45=32: 1680
67-35=32: 1509
61-054=7: 1579
207/69=3: 1732
38-4*9=2: 1585
69-37=32: 1523
17+38=55: 1684
91-48=43: 1625
93-62=31: 1704
72+-64=8: 1559
47-08=39: 1242
95-37=58: 1517
9*3-21=6: 1978
12*6/8=9: 1907
77-62=15: 1776
36-+27=9: 1609
2*4+9=17: 1829
16+25=41: 1323
91-26=65: 1672
87-52=35: 1765
17+18=35: 1274
31+37=68: 1678
55+18=73: 1714
52-+9=43: 1460
58-19=39: 1766
51+13=64: 1302
93-64=29: 1877
80-64=16: 1866
12+34=46: 1614
77-48=29: 1702
12*3/4=9: 1907
35-+7=28: 1554
33+19=52: 1731
98-21=77: 1586
1+9*5=46: 1807
94-12=82: 1539
9+8-14=3: 1928
35+21=56: 1648
23-04=19: 1208
8+059=67: 1353
94-53=41: 1522
8+9-2=15: 1899
62+-3=59: 1479
4+3*5=19: 2013
7+2*4=15: 2010
26+27=53: 1397
43+24=67: 1558
42+29=71: 1482
94-25=69: 1675
16+37=53: 1676
89-62=27: 1544
34+29=63: 1600
52+-3=49: 1445
8+3*7=29: 1922
92-67=25: 1484
11+58=69: 1423
40-29=11: 1362
71-069=2: 1497
92-65=27: 1497
98-36=62: 1541
7*4-8=20: 2125
23+49=72: 1486
62-+53=9: 1632
96-53=43: 1655
37+16=53: 1744
73-09=64: 1282
78-59=19: 1769
77-35=42: 1661
37-+9=28: 1515
5*7-31=4: 1851
88-31=57: 1545
45-+6=39: 1561
37+14=51: 1418
25-06=19: 1181
50-13=37: 1661
50-+42=8: 1852
35-+26=9: 1670
88-52=36: 1700
91-59=32: 1840
79-35=44: 1535
84-17=67: 1759
1+9*4=37: 1858
77-56=21: 1855
67-58=09: 1183
34+17=51: 1363
4+057=61: 1432
22+17=39: 1606
29+27=56: 1413
64*8=512: 1904
7*9/63=1: 2051
39-13=26: 1608
25+42=67: 1517
2+9*7=65: 1844
93-56=37: 1557
406/58=7: 1805
3*21/9=7: 2162
86-19=67: 1566
19+34=53: 1717
41+24=65: 1747
97-36=61: 1624
39+22=61: 1592
12/8*4=6: 2125
62-+9=53: 1501
39+12=51: 1438
24-+18=6: 1583
4+12/3=8: 2033
9+6-13=2: 1994
19+42=61: 1345
7*2+5=19: 1901
93-69=24: 1765
36-7*4=8: 1784
50-23=27: 1526
28-13=15: 1114
55+13=68: 1651
35+-9=26: 1518
22+43=65: 1460
60-19=41: 1371
39+16=55: 1766
4*2+5=13: 1895
13+36=49: 1669
4+069=73: 1380
8*3-4=20: 2193
19+36=55: 1706
98-72=26: 1511
105-7=98: 1327
59*4=236: 1751
85-66=19: 1606
42+34=76: 1545
4+059=63: 1326
26+12=38: 1541
27-3*6=9: 1653
23-019=4: 1457
89*4=356: 1824
47-+9=38: 1509
8*5-31=9: 1944
50-19=31: 1374
93-16=77: 1714
2*4+7=15: 1884
8+9-5=12: 1867
74-09=65: 1215
27+42=69: 1486
87-65=22: 1574
89-47=42: 1493
12+61=73: 1332
21+28=49: 1585
89-53=36: 1578
92-13=79: 1723
9+8-13=4: 1915
126/7=18: 1510
18-3*4=6: 1669
87-62=25: 1568
89-56=33: 1635
34+-9=25: 1494
46+-7=39: 1437
52-049=3: 1489
6*2+5=17: 2013
12+27=39: 1522
93-57=36: 1536
17+34=51: 1346
52+21=73: 1539
16+08=24: 1256
24+11=35: 1331
1+7*5=36: 1860
31+23=54: 1710
86-61=25: 1693
94-37=57: 1708
37+31=68: 1556
18+38=56: 1726
32+13=45: 1732
17+36=53: 1743
93-12=81: 1258
103-97=6: 1505
52+-9=43: 1465
25+21=46: 1507
25-09=16: 1193
97-43=54: 1551
35+17=52: 1668
18+61=79: 1332
9*7+1=64: 1773
21+25=46: 1632
116/2=58: 1692
8*7+3=59: 1734
4+7*5=39: 1878
95-57=38: 1600
61-07=54: 1318
26+33=59: 1605
89-42=47: 1493
64+17=81: 1421
28+13=41: 1414
37+25=62: 1536
27-09=18: 1210
64+14=78: 1654
13+39=52: 1660
33+15=48: 1698
53-046=7: 1510
98-76=22: 1539
5*8-39=1: 1853
25+12=37: 1612
15+37=52: 1588
168/4=42: 1936
5+4*8=37: 1866
17+19=36: 1215
16+36=52: 1794
62+-4=58: 1421
96-38=58: 1704
46-037=9: 1466
140/5=28: 1481
9+7-14=2: 1913
28+33=61: 1715
4*3+5=17: 1911
39+14=53: 1741
103-8=95: 1376
2+16/8=4: 2153
24+29=53: 1419
46-039=7: 1485
103-6=97: 1362
87-29=58: 1694
1+5*9=46: 1822
6*8+9=57: 1726
37+29=66: 1570
84-35=49: 1506
5*46=230: 2353
82-79=03: 1314
92-56=36: 1759
73*2=146: 1843
45-+9=36: 1484
81-58=23: 1895
23-09=14: 1189
61+13=74: 1392
3*9/27=1: 2150
62+-54=8: 1564
95-43=52: 1477
95-63=32: 1616
62+-8=54: 1407
14+13=27: 1313
2*+48=96: 1451
9*5-37=8: 1890
50-21=29: 1562
72-+68=4: 1598
9+2*3=15: 2015
85-67=18: 1712
87-45=42: 1472
72+-63=9: 1607
8*59=472: 2079
91-18=73: 1210
78-19=59: 1790
85-29=56: 1538
88-16=72: 1604
16+19=35: 1214
97-66=31: 1712
44+19=63: 1661
88-63=25: 1764
1+9*7=64: 1758
21+16=37: 1497
3*+19=57: 1444
52+19=71: 1391
87-26=61: 1647
103-7=96: 1296
4+9*8=76: 1827
45+13=58: 1633
79-25=54: 1555
79-34=45: 1531
34+25=59: 1571
103-5=98: 1329
3*5+6=21: 2020
8+9-14=3: 1958
7+8-13=2: 1941
13+35=48: 1612
49-28=21: 1434
96-59=37: 1688
72+-68=4: 1556
54+24=78: 1611
4*3+9=21: 1981
42+-5=37: 1451
37-19=18: 1040
77-15=62: 1740
23+36=59: 1653
22+49=71: 1562
9+058=67: 1358
103-96=7: 1536
5+2*6=17: 2051
11+63=74: 1411
15+29=44: 1610
96-35=61: 1580
33+21=54: 1642
50-17=33: 1729
47-+8=39: 1555
74+16=90: 1274
95-72=23: 1577
105-98=7: 1553
45+-9=36: 1435
8*2+3=19: 1919
13+71=84: 1343
12+52=64: 1661
4/8*12=6: 2215
71-08=63: 1344
94-67=27: 1860
23+34=57: 1659
85-16=69: 1590
62+27=89: 1483
73+-9=64: 1494
9+062=71: 1463
88-37=51: 1610
19+17=36: 1200
50+-2=48: 1727
17+22=39: 1548
34*+2=68: 1498
9+8-5=12: 1878
77-65=12: 1760
86-25=61: 1603
87-53=34: 1536
76-55=21: 1757
81-072=9: 1518
85-19=66: 1607
97-21=76: 1598
45-038=7: 1468
50-+2=48: 1726
63+22=85: 1490
17+25=42: 1554
80-62=18: 1953
38+23=61: 1694
45+-7=38: 1419
9+8-12=5: 2004
9+6*7=51: 1889
2*+18=36: 1554
26+08=34: 1263
85-26=59: 1558
45+12=57: 1740
30-+24=6: 1866
95-58=37: 1644
4/6*12=8: 2220
103-98=5: 1572
92-73=19: 1821
64+28=92: 1468
98-43=55: 1566
7*8+9=65: 1687
24+27=51: 1503
2*3+9=15: 1889
59+12=71: 1414
5*6-29=1: 1933
70-13=57: 1860
18-2*7=4: 1623
21+17=38: 1373
87-72=15: 1781
18*2/4=9: 1811
1+7*9=64: 1797
102-97=5: 1540
89-34=55: 1663
2*6+5=17: 1963
12+59=71: 1380
8*3/24=1: 2153
31+41=72: 1486
95-38=57: 1556
8+9-13=4: 1924
62+21=83: 1573
4*+18=72: 1523
74+22=96: 1420
30+-4=26: 1742
84-25=59: 1473
25+34=59: 1654
25+19=44: 1686
12+62=74: 1652
79-55=24: 1654
91-45=46: 1577
62-+4=58: 1422
54+21=75: 1689
89-46=43: 1555
46+21=67: 1628
15+23=38: 1579
88-56=32: 1690
73-05=68: 1255
11+68=79: 1466
49+23=72: 1475
26+09=35: 1273
80-16=64: 1745
80-61=19: 1371
87-35=52: 1578
31+51=82: 1496
15+39=54: 1574
9*8+1=73: 1776
94-83=11: 1296
56-+7=49: 1470
96-81=15: 1273
14+71=85: 1379
36-+29=7: 1546
9+4*2=17: 2018
98-74=24: 1726
60-37=23: 1804
88-51=37: 1575
1+3*9=28: 1912
69-34=35: 1517
84-58=26: 1661
3+2*6=15: 2109
37-+8=29: 1550
8*45=360: 2348
45-039=6: 1397
162/9=18: 1530
87-12=75: 1663
36+-7=29: 1445
6*4-19=5: 1933
36+28=64: 1572
72-069=3: 1401
25+16=41: 1407
126/14=9: 1900
97-11=86: 1162
21+33=54: 1768
71-068=3: 1548
60-49=11: 1323
82-073=9: 1436
55+23=78: 1562
95-62=33: 1683
28+06=34: 1249
16*+3=48: 1548
102-7=95: 1310
80-12=68: 1900
6+3*5=21: 2082
96-57=39: 1752
96-65=31: 1677
23+25=48: 1355
91-78=13: 1306
68+24=92: 1471
68+26=94: 1589
56-047=9: 1434
42+15=57: 1711
27-14=13: 1153
88-25=63: 1648
24-3*5=9: 1687
98-65=33: 1623
8+7-12=3: 2006
21+15=36: 1414
8/3*9=24: 2089
32/4*1=8: 1938
7+054=61: 1422
8+9-12=5: 2004
30-16=14: 1248
52-6*8=4: 1694
51+22=73: 1617
50+-8=42: 1737
30-14=16: 1263
27+26=53: 1459
6*7-2=40: 2072
25-019=6: 1484
28+46=74: 1569
52+-43=9: 1602
21+43=64: 1802
89-54=35: 1753
35-028=7: 1477
7*69=483: 2139
27-13=14: 1157
12+25=37: 1520
14+49=63: 1636
27-018=9: 1479
81-79=02: 1426
73-+4=69: 1575
40-19=21: 1485
5+2*4=13: 1997
67+22=89: 1490
28+29=57: 1396
228/4=57: 1966
105-8=97: 1365
164/2=82: 1996
1+7*4=29: 1892
39*4=156: 1831
50+-42=8: 1814
35-+8=27: 1558
45-+8=37: 1520
3+8*9=75: 1817
13+43=56: 1691
81-075=6: 1579
22+56=78: 1515
25-3*7=4: 1566
61-057=4: 1556
50-27=23: 1508
15+14=29: 1317
32*1/4=8: 1849
15+13=28: 1277
7*9+5=68: 1644
93-82=11: 1373
93-46=47: 1562
3+24/8=6: 2084
20-3*4=8: 1834
18+19=37: 1228
9+2*4=17: 1969
97-63=34: 1568
21+42=63: 1697
53+23=76: 1586
29-16=13: 1135
45+29=74: 1571
93-76=17: 1810
38*4=152: 1778
56+33=89: 1618
9*7/21=3: 2160
62-059=3: 1446
53-047=6: 1480
5*68=340: 2483
2*4+5=13: 1899
13+29=42: 1568
5*3+6=21: 2031
28+36=64: 1596
105-97=8: 1528
89-51=38: 1673
69-15=54: 1539
73-08=65: 1290
164/82=2: 2160
80-42=38: 1878
7*4/28=1: 2075
8*9+1=73: 1759
87-42=45: 1519
14+67=81: 1448
95-53=42: 1565
29+43=72: 1511
51-31=20: 1702
85-56=29: 1685
84-67=17: 1782
46+36=82: 1703
90-22=68: 1517
41+31=72: 1456
5*7+8=43: 1806
97-44=53: 1509
6*45=270: 2389
26+52=78: 1451
7*5+8=43: 1844
24+52=76: 1489
29-13=16: 1097
40-+8=32: 1690
85-59=26: 1691
61+22=83: 1642
29-14=15: 1118
85-37=48: 1659
52+13=65: 1805
43+26=69: 1634
6*5-29=1: 1950
14+61=75: 1305
272/4=68: 1841
9*5-38=7: 1854
5+3*4=17: 2004
97-24=73: 1623
7*014=98: 1269
62-+8=54: 1429
72+12=84: 1624
70-17=53: 1768
67-55=12: 1660
60-23=37: 1651
148/2=74: 2016
91-46=45: 1568
2+7*9=65: 1846
9+3*2=15: 2098
57-09=48: 1224
37-028=9: 1461
45-037=8: 1484
4*8-32=0: 2247
61+18=79: 1424
9+3*4=21: 2101
2*+38=76: 1461
80-11=69: 1275
22+54=76: 1551
84-55=29: 1608
21+14=35: 1486
4+12-9=7: 1973
93-47=46: 1521
92-76=16: 1789
43+13=56: 1705
168/2=84: 1980
87-66=21: 1756
5+2*7=19: 1970
340/5=68: 1582
94-69=25: 1759
36+29=65: 1605
97-23=74: 1566
45+-6=39: 1524
69-55=14: 1561
47+-9=38: 1473
15+71=86: 1395
4+12-7=9: 1972
9+8*6=57: 1819
35+-7=28: 1520
85-18=67: 1667
96-55=41: 1600
8+063=71: 1455
35+28=63: 1654
20-4*3=8: 1869
15+58=73: 1721
82-03=79: 1236
228/3=76: 1913
70-19=51: 1354
24-+6=18: 1519
7*+12=84: 1540
69-35=34: 1461
35+19=54: 1619
13+14=27: 1366
95-81=14: 1263
102-5=97: 1315
15+42=57: 1730
34+21=55: 1625
49+14=63: 1702
37-029=8: 1423
72+24=96: 1475
39+27=66: 1609
99-62=37: 1810
81-05=76: 1348
73-064=9: 1472
44+32=76: 1536
56-+9=47: 1465
94-65=29: 1819
61+12=73: 1420
23+42=65: 1466
94-82=12: 1651
2*24/6=8: 2668
89-26=63: 1584
42-+37=5: 1554
51+27=78: 1818
81-076=5: 1575
24/8*3=9: 2028
31+24=55: 1792
73+-4=69: 1544
88-13=75: 1614
64+12=76: 1733
27-08=19: 1233
14+32=46: 1592
25+31=56: 1661
22+15=37: 1613
128/32=4: 2076
55+24=79: 1704
21+18=39: 1437
8/4*6=12: 2200
51-+42=9: 1750
23+18=41: 1463
65+22=87: 1507
26+15=41: 1373
80-66=14: 1774
45+19=64: 1661
41+26=67: 1735
86-65=21: 1759
93-72=21: 1634
14+23=37: 1645
61-21=40: 1568
70+-2=68: 1679
62+-53=9: 1607
87-55=32: 1644
8*5-39=1: 1901
87-59=28: 1814
2*64=128: 2464
25-7*3=4: 1808
54+23=77: 1632
27+35=62: 1563
19+23=42: 1546
42+13=55: 1729
47+-8=39: 1520
35+14=49: 1684
45-+36=9: 1639
67-15=52: 1671
78*2=156: 1836
61-059=2: 1547
91-66=25: 1808
42+33=75: 1586
49+17=66: 1699
24+-16=8: 1580
97-42=55: 1659
3+2*8=19: 1995
3+7*8=59: 1878
35-+29=6: 1613
69*2=138: 1830
47+19=66: 1705
97-52=45: 1721
37*8=296: 1857
99-23=76: 1632
70-+2=68: 1677
18+14=32: 1232
70+-8=62: 1676
56+12=68: 1675
27+12=39: 1585
41-+32=9: 1716
35+26=61: 1770
16+13=29: 1270
34+12=46: 1657
23+41=64: 1669
3+7*6=45: 1880
8*3-19=5: 1939
57-08=49: 1234
89-66=23: 1712
5+068=73: 1418
6+7*5=41: 1981
84-79=05: 1295
52+32=84: 1543
8*9-65=7: 1874
54+08=62: 1242
5+069=74: 1360
63-054=9: 1484
28+07=35: 1264
63+-9=54: 1401
96-13=83: 1618
81-02=79: 1368
24+41=65: 1643
6/4*8=12: 2186
29+07=36: 1298
246/82=3: 2053
9*7/63=1: 2089
88-65=23: 1786
96-45=51: 1548
97-38=59: 1811
15+43=58: 1599
46+23=69: 1566
29+06=35: 1302
34+-28=6: 1573
49+22=71: 1494
27-019=8: 1470
14+18=32: 1242
98-53=45: 1656
34+-5=29: 1485
58*3=174: 1822
92-15=77: 1674
2*3+8=14: 1871
67+14=81: 1469
74-05=69: 1202
99-26=73: 1665
99-37=62: 1664
8*6+9=57: 1781
70-53=17: 1883
19+16=35: 1265
97-26=71: 1693
73-065=8: 1516
73-+9=64: 1525
96-15=81: 1170
91-65=26: 1839
3+079=82: 1407
18*3/6=9: 1828
37+-9=28: 1476
23+19=42: 1635
18+07=25: 1335
23+44=67: 1597
9*8-65=7: 1862
4*7-8=20: 2072
27+24=51: 1508
48+29=77: 1685
88-57=31: 1660
276/3=92: 1970
43+14=57: 1673
95-16=79: 1757
48+27=75: 1688
31+38=69: 1794
53+12=65: 1856
56-049=7: 1416
26+38=64: 1564
88-72=16: 1712
25+13=38: 1659
72*9=648: 1946
3*+18=54: 1465
21+44=65: 1778
6+5*7=41: 1982
8+5*7=43: 1880
22+39=61: 1611
14+15=29: 1266
39+24=63: 1680
6+12/4=9: 2109
57-+9=48: 1497
70-59=11: 1349
56+-7=49: 1439
97-39=58: 1680
13+32=45: 1690
34+-25=9: 1621
25+49=74: 1590
6*+13=78: 1514
1+7*6=43: 1911
9+065=74: 1399
63-+4=59: 1514
92-19=73: 1651
92-75=17: 1731
52-42=10: 1825
126/9=14: 1496
70-23=47: 1879
27+15=42: 1593
42*9=378: 1936
27+09=36: 1271
38+09=47: 1277
28+09=37: 1258
46-+37=9: 1649
2/8*16=4: 2248
9*3/27=1: 2173
38+31=69: 1597
25+44=69: 1616
99-31=68: 1630
57+-9=48: 1485
11+62=73: 1449
48/+3=16: 1603
24+35=59: 1616
64-7*9=1: 1737
62+23=85: 1462
51-+43=8: 1629
87-39=48: 1673
26+48=74: 1600
22+51=73: 1608
15+19=34: 1192
71-+62=9: 1723
87-13=74: 1625
57-+8=49: 1520
116/4=29: 1701
28-15=13: 1108
58+33=91: 1666
36+46=82: 1723
45+21=66: 1676
29+13=42: 1614
71+12=83: 1397
53+16=69: 1731
46+41=87: 1585
32+51=83: 1750
15+17=32: 1250
91-086=5: 1501
83-74=09: 1320
15+49=64: 1648
51-21=30: 1642
40+-38=2: 1776
6*7+9=51: 1806
66+28=94: 1592
45+-8=37: 1478
53+24=77: 1706
96-73=23: 1738
24/9*3=8: 2033
87-14=73: 1643
29+42=71: 1551
24+43=67: 1575
2*+39=78: 1390
99-32=67: 1708
13+24=37: 1655
24-+8=16: 1515
19+52=71: 1369
37+09=46: 1267
2+3*5=17: 2005
12+71=83: 1397
31+25=56: 1799
56+-9=47: 1444
320/5=64: 1620
85-47=38: 1665
67-09=58: 1173
72-+69=3: 1551
92-17=75: 1626
234/9=26: 1826
30-+26=4: 1856
34-+29=5: 1572
27-6*4=3: 1716
51+41=92: 1461
63+16=79: 1721
7*8+5=61: 1815
14+29=43: 1605
5*28=140: 2570
51-+3=48: 1484
5+7*2=19: 1972
94-57=37: 1748
80-38=42: 1825
8+7*5=43: 1906
37+27=64: 1745
51+33=84: 1741
52+31=83: 1716
71-21=50: 1579
98-71=27: 1798
14*3/7=6: 1815
73+-8=65: 1499
32+41=73: 1697
52+16=68: 1689
34+42=76: 1530
24+49=73: 1580
48+28=76: 1714
43+15=58: 1648
18*2/9=4: 1770
19+44=63: 1646
42/6+1=8: 2089
3*+29=87: 1398
64*3=192: 1768
28+23=51: 1473
49+24=73: 1568
9+6*8=57: 1858
33+12=45: 1763
54+12=66: 1702
1+24/3=9: 2184
46-+39=7: 1587
53+29=82: 1510
5+9*7=68: 1737
26-3*7=5: 1601
72+-69=3: 1523
70-27=43: 1809
87-15=72: 1642
4*7/28=1: 2032
51+24=75: 1809
63+-4=59: 1483
93-17=76: 1623
8+065=73: 1411
74-8*9=2: 1743
62+14=76: 1724
12+45=57: 1695
9*8-67=5: 1816
60-27=33: 1716
8+9-15=2: 1988
44+13=57: 1601
95-76=19: 1874
64+08=72: 1253
52-8*6=4: 1844
22+67=89: 1611
21+35=56: 1801
13+44=57: 1623
282/6=47: 1812
59+23=82: 1495
54+33=87: 1580
3+9*8=75: 1877
99-67=32: 1779
66+23=89: 1635
97-29=68: 1628
35+32=67: 1602
256/8=32: 2004
21+34=55: 1837
21-4*3=9: 1904
95-19=76: 1649
62+17=79: 1766
24+45=69: 1599
70-+62=8: 1831
55+14=69: 1728
19+18=37: 1274
92-77=15: 1674
85-79=06: 1283
66+13=79: 1648
93*2=186: 1794
2*24/8=6: 2659
14+43=57: 1553
14+2-7=9: 1637
12*3/9=4: 1827
38+25=63: 1599
92-45=47: 1519
7*4-28=0: 2326
13+16=29: 1333
53+15=68: 1641
37+15=52: 1652
25+09=34: 1246
71-51=20: 1693
14+64=78: 1672
24+31=55: 1659
88-76=12: 1682
96-58=38: 1722
78+12=90: 1332
99-41=58: 1623
14*3/6=7: 1883
87-69=18: 1727
12/4*3=9: 1994
97-45=52: 1588
3/8*24=9: 2084
87-75=12: 1739
15+08=23: 1334
35+-8=27: 1533
51-+2=49: 1618
28+64=92: 1585
97-73=24: 1755
40-15=25: 1966
2*+17=34: 1558
24+13=37: 1730
62-+58=4: 1538
9+8-15=2: 1993
57+-8=49: 1509
55+21=76: 1705
3+12-9=6: 1961
85-68=17: 1698
9/3*8=24: 2034
98-27=71: 1608
12+69=81: 1438
322/7=46: 1975
81-21=60: 1580
7*3-1=20: 2325
5+8*7=61: 1899
9+7*6=51: 1954
89-28=61: 1692
97-16=81: 1271
55+31=86: 1620
2*06-4=8: 2165
70-57=13: 1828
33+28=61: 1750
99-46=53: 1739
29*6=174: 1880
22+61=83: 1660
3*8-24=0: 2296
5+12/4=8: 2065
42+-35=7: 1588
29+28=57: 1482
32+37=69: 1559
70-47=23: 1896
54*3=162: 1791
2/4*16=8: 2241
42+47=89: 1597
126/42=3: 2184
37+-8=29: 1515
15+34=49: 1641
264/3=88: 2233
3+42/7=9: 1985
1+8*9=73: 1754
74-065=9: 1485
29+44=73: 1612
13+15=28: 1271
328/41=8: 2342
71+14=85: 1433
72+18=90: 1403
8*4-32=0: 2311
90-28=62: 1598
41+51=92: 1465
40-+38=2: 1810
3+12-6=9: 2013
47-038=9: 1490
8*9-67=5: 1837
96-83=13: 1753
61-41=20: 1617
15-2*3=9: 1683
8*7+9=65: 1772
27+39=66: 1652
38+07=45: 1277
6*9/54=1: 2084
97-81=16: 1287
74+-9=65: 1432
81-06=75: 1385
35+06=41: 1329
64+34=98: 1633
2*+19=38: 1515
84+-9=75: 1517
89*6=534: 1875
58+04=62: 1259
40-25=15: 1853
14+76=90: 1374
97-74=23: 1795
29-3*7=8: 1632
36+-27=9: 1558
66+21=87: 1660
27-4*6=3: 1664
25-3*6=7: 1665
5*7+6=41: 1922
61-+3=58: 1467
95-14=81: 1207
35+-26=9: 1640
39+26=65: 1643
50-29=21: 1630
64+18=82: 1696
50-+8=42: 1741
71+13=84: 1408
93-77=16: 1704
26-7*3=5: 1821
30+-24=6: 1850
35-+27=8: 1605
56+29=85: 1687
29+24=53: 1446
80-33=47: 1726
70-43=27: 1983
62+32=94: 1494
8+7-13=2: 1972
57*6=342: 1794
61+-3=58: 1476
99-43=56: 1686
52+14=66: 1740
63-+9=54: 1426
95-18=77: 1709
92-47=45: 1500
32+35=67: 1581
81-09=72: 1335
24+39=63: 1669
71-+2=69: 1588
6*02-4=8: 1953
32+47=79: 1750
99-61=38: 1732
71+15=86: 1414
256/32=8: 2052
97-71=26: 1789
34+31=65: 1525
5+076=81: 1539
89-35=54: 1579
70+-62=8: 1811
17-2*4=9: 1683
9+8*7=65: 1784
72+23=95: 1431
30-12=18: 1306
11+73=84: 1474
25-6*3=7: 1822
19+25=44: 1622
3/9*24=8: 2037
55+19=74: 1679
21-3*4=9: 1830
97-53=44: 1545
92-79=13: 1755
97-28=69: 1742
52-+49=3: 1606
15+09=24: 1357
62+-59=3: 1586
22+63=85: 1587
60-+2=58: 1706
42+37=79: 1704
51+-3=48: 1474
52*7=364: 1800
93-14=79: 1799
33+46=79: 1647
60-+52=8: 1907
82-09=73: 1226
61-+53=8: 1679
13+45=58: 1600
92*8=736: 1845
8/16*4=2: 2364
66+12=78: 1647
96-54=42: 1541
42+31=73: 1696
23+14=37: 1763
68/+2=34: 1509
360/45=8: 1884
24-+15=9: 1674
97-55=42: 1636
32+43=75: 1616
52-12=40: 1830
15+53=68: 1618
29+32=61: 1617
25+36=61: 1738
88-73=15: 1689
24/3*1=8: 1874
24+54=78: 1638
62-+59=3: 1615
7*4-20=8: 2164
21+52=73: 1681
12+43=55: 1699
60+-2=58: 1730
56-+47=9: 1596
89-38=51: 1669
16+09=25: 1344
94*7=658: 1795
61+-8=53: 1530
82-+73=9: 1611
41+46=87: 1767
47-039=8: 1434
12+53=65: 1804
9*7+5=68: 1670
31+34=65: 1724
35+07=42: 1267
24+68=92: 1589
3*8-20=4: 2167
62+19=81: 1419
9*8/72=1: 1951
36+43=79: 1565
9*6/54=1: 2096
73-+64=9: 1682
73+22=95: 1480
34-26=+8: 1547
8/2*4=16: 2190
16/8*2=4: 2056
55+37=92: 1608
16+74=90: 1370
54+25=79: 1639
43+12=55: 1743
67+-9=58: 1446
61+31=92: 1437
492/6=82: 1996
82-+3=79: 1453
56+13=69: 1658
8/12*6=4: 2229
56+19=75: 1716
34+15=49: 1649
136/2=68: 1995
16+23=39: 1558
56*7=392: 1882
56+21=77: 1769
72+26=98: 1431
87-73=14: 1715
73+-5=68: 1471
8*6/2=24: 2522
85-76=09: 1312
2*7+5=19: 1859
87-49=38: 1682
7*5+6=41: 1948
83-79=04: 1318
30+-26=4: 1850
42+41=83: 1653
13+25=38: 1573
27+08=35: 1274
81-61=20: 1691
31-+24=7: 1779
99-21=78: 1612
31-+4=27: 1734
82+-9=73: 1457
360/8=45: 1586
216/9=24: 1923
58+18=76: 1811
17+08=25: 1369
63+26=89: 1715
32+39=71: 1609
14+54=68: 1626
87-19=68: 1725
36+09=45: 1270
61+14=75: 1435
15-3*2=9: 1745
12+56=68: 1684
24*1/3=8: 1793
89-68=21: 1805
5*26=130: 2514
126/18=7: 1930
84-+75=9: 1647
57+21=78: 1701
268/4=67: 2107
89-55=34: 1635
95-17=78: 1585
67-08=59: 1203
180/5=36: 1504
90-33=57: 1664
86/43=02: 1384
97*6=582: 1860
23+31=54: 1643
58+03=61: 1301
12+72=84: 1665
96-85=11: 1305
45+41=86: 1515
81-079=2: 1512
2+14-9=7: 2060
65+27=92: 1499
74-+5=69: 1462
99-35=64: 1660
91-084=7: 1566
19+47=66: 1627
54/03=18: 1492
41+25=66: 1783
63-+54=9: 1667
62+-58=4: 1490
53+09=62: 1298
18+05=23: 1270
74-+9=65: 1459
36+-29=7: 1506
12-6+3=9: 2058
296/4=74: 2101
80-68=12: 1928
27+37=64: 1776
23-+16=7: 1717
58+15=73: 1636
80-48=32: 1816
93-74=19: 1880
11+75=86: 1516
4*06/3=8: 2255
53+-7=46: 1475
74-069=5: 1437
51+-43=8: 1591
14+2-9=7: 1599
12+4-9=7: 1689
2*65=130: 2456
76+22=98: 1410
4*+13=52: 1499
89-12=77: 1747
9+8/2=13: 1866
188/2=94: 2033
99-42=57: 1714
85-38=47: 1608
53+36=89: 1679
324/81=4: 2246
24+-18=6: 1587
25+38=63: 1700
39+19=58: 1826
83-074=9: 1466
61+-53=8: 1659
53+31=84: 1608
9+073=82: 1415
62+16=78: 1652
7*6-42=0: 2273
46+33=79: 1554
7*2-4=10: 2225
11+72=83: 1499
36/4*1=9: 1927
28*7=196: 1950
31-4*6=7: 1802
3*04/2=6: 2233
14+62=76: 1682
17+35=52: 1575
19+24=43: 1642
27+62=89: 1597
48/03=16: 1489
51+-42=9: 1692
1+3*8=25: 1947
39+07=46: 1294
49+28=77: 1745
29-4*6=5: 1720
14+35=49: 1604
89-72=17: 1801
7*9-3=60: 2045
70-32=38: 1659
89-77=12: 1687
41-+2=39: 1633
28+49=77: 1749
89*3=267: 1723
57+27=84: 1777
21+57=78: 1858
18+09=27: 1374
87-74=13: 1742
55+12=67: 1830
21+46=67: 1754
1+64/8=9: 2042
18*3/9=6: 1772
87-28=59: 1631
52+36=88: 1724
270/6=45: 1625
23+38=61: 1732
88-15=73: 1608
7*4-0=28: 1972
25+41=66: 1701
54+31=85: 1685
73-+8=65: 1533
51+32=83: 1836
16*03=48: 1357
71-+63=8: 1687
2+13-6=9: 2035
80+-6=74: 1763
35+44=79: 1599
11+64=75: 1443
4/2*8=16: 2198
67-+9=58: 1482
68-28=40: 1948
82+11=93: 1330
84-075=9: 1465
73-068=5: 1510
59*7=413: 1799
13+26=39: 1619
29-15=14: 1073
91-085=6: 1494
95-78=17: 1808
5+7*9=68: 1761
71-+3=68: 1522
55+34=89: 1703
6*8/2=24: 2469
18+55=73: 1638
73+-65=8: 1645
17+64=81: 1484
85+11=96: 1268
3*82=246: 2305
12+4-7=9: 1718
8/2*9=36: 2074
32+62=94: 1595
32+09=41: 1374
35+-29=6: 1591
34*02=68: 1353
6+24/8=9: 2018
53+25=78: 1574
23+59=82: 1558
95-79=16: 1763
51-6*7=9: 1731
84-75=09: 1263
60+-52=8: 1885
26*+3=78: 1506
2/9*36=8: 2101
80-69=11: 1443
6+075=81: 1519
37-4*9=1: 1654
45+33=78: 1551
2/8*36=9: 2147
61-+52=9: 1730
53-+7=46: 1505
54-24=30: 1855
26+41=67: 1624
90-42=48: 1707
17+49=66: 1635
42-32=10: 1867
266/7=38: 1987
99-34=65: 1689
90-62=28: 1624
73-+5=68: 1512
276/92=3: 2051
98-45=53: 1534
36+53=89: 1675
36+05=41: 1309
68+14=82: 1698
74+24=98: 1542
55+32=87: 1691
97-76=21: 1881
97-59=38: 1709
7+12/6=9: 2134
94-19=75: 1590
98-12=86: 1597
39+08=47: 1355
282/3=94: 1841
90-24=66: 1727
52+-49=3: 1585
43*+2=86: 1524
29+15=44: 1714
29+14=43: 1711
63-059=4: 1447
18+58=76: 1819
23-+7=16: 1572
66+32=98: 1641
47+16=63: 1721
45-+38=7: 1602
51+-8=43: 1550
17-4*2=9: 1765
13+42=55: 1714
36-5*7=1: 1749
95-77=18: 1664
14+09=23: 1342
12+3-6=9: 1737
11+74=85: 1550
24+51=75: 1728
29+08=37: 1272
5*36=180: 2476
21*3/7=9: 1978
80-18=62: 1872
16+52=68: 1664
23+46=69: 1665
90-26=64: 1678
29+37=66: 1663
97-58=39: 1845
42*1/7=6: 1801
248/31=8: 2287
114/2=57: 1840
168/84=2: 2210
95-84=11: 1343
23-+15=8: 1640
51-7*6=9: 1816
80+-76=4: 1901
13+55=68: 1616
12+64=76: 1697
28+66=94: 1669
168/3=56: 2065
43+36=79: 1621
52/013=4: 1789
2+14-7=9: 2059
61-+2=59: 1566
46+-39=7: 1557
89-17=72: 1683
93-45=48: 1523
21+62=83: 1737
49+25=74: 1594
136/17=8: 1851
42+43=85: 1564
36+25=61: 1713
56+32=88: 1690
93-19=74: 1671
54+15=69: 1684
70+-68=2: 1815
7*8/56=1: 2159
82+-3=79: 1458
1+48/6=9: 2287
15-2*4=7: 1709
49+29=78: 1745
74+-5=69: 1420
26+13=39: 1658
14+68=82: 1736
84-+9=75: 1524
39+29=68: 1772
284/71=4: 2256
39-4*8=7: 1677
42+-37=5: 1524
166/2=83: 2068
50+-48=2: 1866
23+62=85: 1601
3*8-0=24: 1932
18/4*2=9: 1916
29-6*4=5: 1765
32*1/8=4: 1809
99-47=52: 1689
282/47=6: 2017
97-69=28: 1773
71+-8=63: 1560
45+-36=9: 1584
55+36=91: 1736
53+-6=47: 1505
68+04=72: 1246
2*04/1=8: 2348
9/2*8=36: 2049
73-+65=8: 1714
33+51=84: 1622
5+7*8=61: 1925
3+14-8=9: 2099
71+-3=68: 1512
84+11=95: 1282
31-+7=24: 1694
19+29=48: 1788
28+35=63: 1656
25-4*6=1: 1804
59+03=62: 1279
15-4*2=7: 1751
54-34=20: 1920
23+16=39: 1712
94-75=19: 1779
80+-4=76: 1790
72/04=18: 1439
82-079=3: 1415
42+09=51: 1279
67+26=93: 1654
25+62=87: 1602
21+54=75: 1875
84-09=75: 1256
26+43=69: 1618
324/9=36: 2008
58-6*9=4: 1639
8*9/72=1: 1981
230/5=46: 1566
92-87=05: 1354
4+8-2=10: 2254
31+52=83: 1851
99-73=26: 1849
20-+14=6: 1869
99-76=23: 1864
2+13-9=6: 1979
16+07=23: 1311
36/02=18: 1436
97-68=29: 1884
99-51=48: 1609
24+19=43: 1678
17+09=26: 1345
34+-29=5: 1543
4*8-0=32: 1908
44+31=75: 1553
46+17=63: 1682
6+14/7=8: 2095
26-+7=19: 1520
6*2-4=08: 2188
90-37=53: 1748
32+52=84: 1584
23+53=76: 1686
51+-2=49: 1604
51-6*8=3: 1748
51+34=85: 1873
37-+29=8: 1572
34+38=72: 1491
98-16=82: 1579
36*1/4=9: 1785
71+-2=69: 1569
40+21=61: 1575
176/22=8: 2021
45-+37=8: 1621
12/8*6=9: 2130
71+-9=62: 1542
25+06=31: 1411
3+12-7=8: 2007
12/3+4=8: 2025
70-31=39: 1609
71+-62=9: 1693
31+61=92: 1527
60+-8=52: 1728
38+34=72: 1470
70-34=36: 1712
3+14-9=8: 2038
41+-32=9: 1711
21+45=66: 1782
36+39=75: 1480
67-+8=59: 1512
8*7+5=61: 1870
53-+6=47: 1521
45+34=79: 1588
30+21=51: 1647
19+35=54: 1595
80-37=43: 1805
56-+49=7: 1540
98-55=43: 1597
80-19=61: 1388
92-+85=7: 1683
99-53=46: 1710
23-+17=6: 1695
216/3=72: 2058
84+-75=9: 1614
49+33=82: 1568
28/4*1=7: 1895
92-087=5: 1460
94-79=15: 1726
41-+5=36: 1512
32/8*1=4: 2125
65+33=98: 1569
85-48=37: 1610
4+079=83: 1473
35+43=78: 1585
4*81=324: 2590
48+03=51: 1302
53+08=61: 1359
67+-8=59: 1487
99-56=43: 1778
63+-54=9: 1603
83-04=79: 1282
136/8=17: 1504
27+51=78: 1756
49+15=64: 1686
26-+9=17: 1557
4+18/6=7: 2355
49+02=51: 1275
60-35=25: 1911
55+29=84: 1619
6/12*8=4: 2241
94-15=79: 1662
31+53=84: 1766
8*3-24=0: 2341
51+26=77: 1897
91-86=05: 1401
58+19=77: 1811
87-38=49: 1655
99-24=75: 1692
4*8-30=2: 2092
45-+39=6: 1569
61+26=87: 1779
25+54=79: 1702
33+56=89: 1745
29-7*3=8: 1811
60-25=35: 1881
99-38=61: 1704
25-+17=8: 1637
12+66=78: 1674
37+08=45: 1332
14+52=66: 1680
23+54=77: 1809
82-+9=73: 1454
62+36=98: 1672
26+39=65: 1601
22+74=96: 1628
91-85=06: 1352
39+15=54: 1631
1+9*8=73: 1816
384/4=96: 1959
96-18=78: 1728
52/13=04: 1493
28-3*9=1: 1716
23-+6=17: 1606
31-+6=25: 1750
162/18=9: 1947
9+076=85: 1425
93+-87=6: 1618
19+62=81: 1455
184/23=8: 2417
13+52=65: 1834
15+59=74: 1667
73+13=86: 1741
26-+17=9: 1621
29+39=68: 1802
46+27=73: 1658
70-+8=62: 1691
22+65=87: 1616
74-+65=9: 1627
49+03=52: 1262
98-77=21: 1778
43+32=75: 1625
16+59=75: 1699
12*+7=84: 1576
4*7-20=8: 2156
23-+14=9: 1683
29+49=78: 1787
1+32/4=9: 2115
37+05=42: 1263
68/17=04: 1400
34-28=+6: 1544
3*4-2=10: 2269
47-5*9=2: 1643
58+37=95: 1614
70-38=32: 1676
61-+8=53: 1550
35+34=69: 1599
12/4+6=9: 2057
43+09=52: 1289
61+27=88: 1795
39+06=45: 1293
8*3-0=24: 2012
78/+3=26: 1554
25-6*4=1: 1874
25+53=78: 1606
184/2=92: 2027
93-79=14: 1786
17+06=23: 1344
80+-74=6: 1893
47-+38=9: 1619
31-6*4=7: 1879
45+42=87: 1607
57-049=8: 1447
87-68=19: 1694
97-86=11: 1380
92+-87=5: 1584
52+09=61: 1313
3*8/4=06: 2256
42/7*1=6: 2056
64+13=77: 1782
97-54=43: 1554
2*4/1=08: 2339
29+53=82: 1536
65-7*9=2: 1757
4*3-2=10: 2290
17+15=32: 1215
19+07=26: 1325
36/8*2=9: 2030
41-+9=32: 1618
43-6*7=1: 1819
5*72=360: 2268
79*8=632: 1830
2*06/3=4: 2342
35+51=86: 1630
48*+2=96: 1527
92-+87=5: 1632
90-64=26: 1898
210/6=35: 1741
83+-9=74: 1544
85-09=76: 1219
57-+48=9: 1610
2+079=81: 1549
52+29=81: 1555
66+27=93: 1628
59*8=472: 1948
3*9-7=20: 2030
42+45=87: 1576
51-+9=42: 1585
6*7-42=0: 2277
41+32=73: 1814
20-+16=4: 1881
50-+48=2: 1883
69+12=81: 1432
65+21=86: 1731
38+53=91: 1651
71+22=93: 1607
47+29=76: 1674
9*24=216: 2434
28+47=75: 1687
47-+39=8: 1609
8*4-0=32: 1985
46+-37=9: 1612
68/34=02: 1383
3+12-8=7: 2020
42+35=77: 1716
51+-9=42: 1562
1+63/9=8: 1989
19+06=25: 1358
6+8-4=10: 2204
49+27=76: 1681
41-+6=35: 1539
46+43=89: 1568
38-9*4=2: 1828
57-048=9: 1476
39+02=41: 1328
23+28=51: 1508
53-43=10: 1858
71-+9=62: 1556
6*3-8=10: 2205
37+17=54: 1828
91-87=04: 1403
6*2-8=04: 2173
6+079=85: 1410
45-6*7=3: 1715
28+48=76: 1709
33+42=75: 1634
20+31=51: 1649
63+09=72: 1266
72-62=10: 1851
39*+2=78: 1509
184/92=2: 2203
47+42=89: 1589
116/29=4: 1945
92-085=7: 1499
56+-47=9: 1525
83-09=74: 1261
216/4=54: 2259
91-06=85: 1281
62+25=87: 1491
79*2=158: 1784
17*+4=68: 1544
19+49=68: 1789
72/18=04: 1406
84-24=60: 1861
4*9-6=30: 2095
140/28=5: 1815
42/6*1=7: 2025
47+09=56: 1293
186/3=62: 1932
4*54=216: 2544
54+42=96: 1597
59+26=85: 1754
29+36=65: 1641
26+05=31: 1341
31+42=73: 1844
51-+8=43: 1553
4/16*8=2: 2354
59+17=76: 1730
59+16=75: 1774
56+17=73: 1730
182/7=26: 1753
44+35=79: 1571
91-05=86: 1248
36+41=77: 1736
53+34=87: 1653
87-18=69: 1692
5+12-8=9: 1998
6*8-2=46: 2651
35+-27=8: 1567
80-+74=6: 1910
9+7*8=65: 1850
24+72=96: 1554
66+17=83: 1731
48-5*9=3: 1645
13-2*4=5: 1717
36+47=83: 1649
36/18=02: 1413
496/8=62: 1992
35+36=71: 1624
61-+9=52: 1540
73-069=4: 1450
31-+27=4: 1724
2+13-7=8: 2006
73+-68=5: 1625
31-+25=6: 1774
49+07=56: 1285
46+07=53: 1326
90-66=24: 1859
25-+16=9: 1661
30-18=12: 1305
91-84=07: 1433
50+-7=43: 1732
19*+3=57: 1458
24-6=018: 1574
12+3-9=6: 1686
41+45=86: 1667
73+-64=9: 1645
5+079=84: 1442
12+54=66: 1710
19+39=58: 1815
54/+3=18: 1544
8+4-2=10: 2303
51+35=86: 1744
176/8=22: 1892
8*3-20=4: 2217
348/6=58: 2227
93-87=06: 1386
94*8=752: 1905
1+36/9=5: 2191
29+19=48: 1864
23+15=38: 1643
2*06-8=4: 2162
45+32=77: 1726
91-087=4: 1542
6*04/3=8: 2203
87-58=29: 1735
9/1*4=36: 2150
99-52=47: 1747
83+11=94: 1266
37+32=69: 1564
49+19=68: 1816
14+3-8=9: 1647
4+8-12=0: 2365
61+-9=52: 1528
57+38=95: 1733
93-087=6: 1459
90-68=22: 1675
52+44=96: 1593
42-12=30: 1917
68/02=34: 1445
93+-86=7: 1594
70-36=34: 1716
99-48=51: 1688
24+-6=18: 1546
48/016=3: 1775
26+35=61: 1691
29+05=34: 1239
93-086=7: 1513
99-65=34: 1732
45+39=84: 1650
75+12=87: 1910
29+34=63: 1720
41-+35=6: 1595
68/+34=2: 1667
36-29=+7: 1519
35+56=91: 1760
47+28=75: 1735
72/018=4: 1685
18-7*2=4: 1836
430/5=86: 1618
13+2-6=9: 1687
216/24=9: 2153
56+-49=7: 1486
364/91=4: 2242
18*+3=54: 1471
48+09=57: 1294
61+-2=59: 1563
8*4-30=2: 2152
84-+5=79: 1507
16+62=78: 1675
12+78=90: 1444
57-6*9=3: 1688
24-+9=15: 1605
64+33=97: 1605
99-28=71: 1731
8*6/24=2: 2821
3*7-1=20: 2307
24+07=31: 1366
84/012=7: 1727
41+42=83: 1738
32+56=88: 1763
8*7/56=1: 2140
18*+2=36: 1534
36+38=74: 1541
43+42=85: 1566
68-48=20: 2027
4*7-0=28: 1943
67+21=88: 1676
80-+76=4: 1914
324/4=81: 2096
92+-85=7: 1640
52-40=12: 1755
71+-63=8: 1643
31-+5=26: 1692
024-8=16: 1445
56+35=91: 1691
50+21=71: 1591
13+66=79: 1757
55+26=81: 1743
72+15=87: 1896
52+35=87: 1656
5+24/6=9: 2100
91-04=87: 1357
46+37=83: 1642
18+72=90: 1416
43-7*6=1: 1860
92-85=07: 1360
22+73=95: 1608
74*8=592: 1913
228/76=3: 2095
73+-69=4: 1569
85+-9=76: 1460
80-+4=76: 1774
9*3-7=20: 2129
3+16/8=5: 2228
216/72=3: 2172
024-6=18: 1455
74-24=50: 1839
48/16=03: 1446
7-4+9=12: 1961
72+21=93: 1522
4*2/1=08: 2311
68/034=2: 1665
24+55=79: 1633
4*95=380: 2319
43+08=51: 1352
30+28=58: 1961
34-24=10: 1905
161/23=7: 1914
10-4+2=8: 2160
2+18/9=4: 2349
34+51=85: 1698
264/33=8: 2156
39+32=71: 1636
72-12=60: 1791
198/3=66: 2084
42*1/6=7: 1863
32+66=98: 1739
35+57=92: 1640
180/36=5: 1789
12+3-7=8: 1636
95-47=48: 1485
83-+74=9: 1628
73-+68=5: 1693
26+68=94: 1666
4+13-8=9: 2033
48+43=91: 1642
12/4+5=8: 2027
93-48=45: 1572
67+25=92: 1498
4*7-28=0: 2293
41+-6=35: 1551
9+074=83: 1511
23+66=89: 1775
7*46=322: 2583
21*3/9=7: 1963
34+53=87: 1611
65+23=88: 1677
60+-3=57: 1733
85-+9=76: 1477
74-9*8=2: 1794
432/6=72: 2044
36/+2=18: 1599
19+08=27: 1391
5*34=170: 2436
56+28=84: 1633
90-43=47: 1784
6*1-2=04: 2167
65+12=77: 1869
74-+69=5: 1553
15+54=69: 1712
29+45=74: 1619
93-+87=6: 1624
16+47=63: 1668
52+15=67: 1774
62-12=50: 1864
25-+7=18: 1568
19+45=64: 1669
6*3-18=0: 2336
154/7=22: 1906
12+67=79: 1788
46+19=65: 1666
10+2-4=8: 1847
8*27=216: 2575
2+13-8=7: 2050
7*2-1=13: 2325
99-64=35: 1786
29+48=77: 1795
34+64=98: 1680
18/6*3=9: 2013
88-75=13: 1713
15+52=67: 1804
410/5=82: 1697
25-+18=7: 1662
92-07=85: 1252
38+36=74: 1527
32/4+1=9: 2153
31+-7=24: 1684
60-+3=57: 1734
51+25=76: 1795
82-+79=3: 1560
72-32=40: 1819
13+2-9=6: 1624
19*+4=76: 1514
25-3*8=1: 1719
71-+8=63: 1590
5+12-9=8: 1996
8*2-6=10: 2228
58+09=67: 1278
61+33=94: 1692
2+54/9=8: 2001
81-51=30: 1584
36+52=88: 1734
024-16=8: 1747
32+45=77: 1751
50-+3=47: 1760
25+67=92: 1606
84+-5=79: 1475
25-+6=19: 1587
91-07=84: 1303
74+-65=9: 1579
24+53=77: 1735
99-25=74: 1680
84/+12=7: 1721
36/9*2=8: 2047
19-2*6=7: 1714
3*+27=81: 1539
56-26=30: 1950
13+56=69: 1748
99-71=28: 1867
63+14=77: 1844
232/4=58: 1891
69+03=72: 1267
48/+16=3: 1749
35-26=+9: 1592
93-+86=7: 1634
34+41=75: 1558
4+15/3=9: 2186
41-+39=2: 1658
156/3=52: 2064
5*92=460: 2167
19+05=24: 1331
9*7-3=60: 2138
43-5*7=8: 1706
59+02=61: 1337
84-+79=5: 1606
8/6*9=12: 2161
99-68=31: 1814
17+46=63: 1678
43+46=89: 1600
34+35=69: 1552
37-+28=9: 1629
138/6=23: 2059
17+37=54: 1791
45+-38=7: 1549
61+-52=9: 1697
45+-39=6: 1513
320/64=5: 1858
40-32=+8: 1849
71-31=40: 1598
50+-3=47: 1735
99-57=42: 1711
9+075=84: 1480
19+15=34: 1196
12*07=84: 1377
60+-7=53: 1748
4*6/3=08: 2253
30-4*7=2: 1844
39+36=75: 1546
14/6*3=7: 2055
38*+2=76: 1506
78/+2=39: 1517
70-25=45: 1906
49-6*8=1: 1712
19+04=23: 1337
43+39=82: 1575
57+36=93: 1660
288/3=96: 2101
56+37=93: 1586
82+-73=9: 1585
26+63=89: 1729
18+64=82: 1735
360/72=5: 1792
7*6-0=42: 1998
52/04=13: 1576
6*8/24=2: 2782
80-+6=74: 1759
7*4-2=26: 2441
29-3*8=5: 1630
90-48=42: 1718
7*4-6=22: 2459
41+34=75: 1673
73-+69=4: 1610
87*3=261: 1814
47+06=53: 1362
410/82=5: 1923
26+51=77: 1784
86+11=97: 1319
51+-48=3: 1620
7*6-40=2: 2171
216/8=27: 1969
51-+48=3: 1654
46+31=77: 1742
52*9=468: 1909
47+32=79: 1734
7*62=434: 2522
35-+28=7: 1656
24/8+3=6: 2271
67+12=79: 1789
24+-8=16: 1543
6*02-8=4: 1912
8/1*3=24: 2197
76-8*9=4: 1749
59+15=74: 1681
37-4*8=5: 1639
40+28=68: 1969
31+-4=27: 1715
57+-48=9: 1576
84-079=5: 1431
90-31=59: 1919
18*02=36: 1378
16+53=69: 1663
72-42=30: 1794
41+-5=36: 1509
2*6-4=08: 2182
74+-69=5: 1502
35+39=74: 1463
57+19=76: 1715
3*08/6=4: 2422
64*5=320: 2155
26+61=87: 1726
85-076=9: 1493
27+49=76: 1695
24+-15=9: 1637
57+35=92: 1611
73+24=97: 1811
99-74=25: 1904
35+42=77: 1766
96/012=8: 1701
33+45=78: 1609
60-+8=52: 1749
37+-29=8: 1538
47+36=83: 1713
57+31=88: 1687
26+59=85: 1749
2*85=170: 2399
38/19=02: 1421
31-+26=5: 1808
33+54=87: 1711
37+46=83: 1708
34+45=79: 1586
4+18/9=6: 2270
82-32=50: 1800
58+26=84: 1643
3*42=126: 2491
58+38=96: 1739
9*4-6=30: 2141
82+-79=3: 1531
53+38=91: 1712
85-06=79: 1252
166/83=2: 2261
432/9=48: 2001
14/7*3=6: 2071
5+087=92: 1480
19-2*8=3: 1693
27+04=31: 1403
3+27/9=6: 2129
87-48=39: 1661
70-45=25: 1936
83-+4=79: 1558
104/4=26: 2173
93+-7=86: 1525
84-05=79: 1222
7*6-1=41: 2381
3+16/4=7: 2305
62+34=96: 1686
84+-79=5: 1583
82*5=410: 2205
3*16=048: 2193
47+26=73: 1684
31+44=75: 1696
41+-9=32: 1618
19-3*4=7: 1685
3+12/4=6: 2127
34/+2=17: 1676
3*08/4=6: 2456
37+42=79: 1762
31+55=86: 1771
41-+36=5: 1599
6/8*12=9: 2212
54+09=63: 1267
172/2=86: 1870
14-7+2=9: 2063
71-41=30: 1589
284/4=71: 1982
46-5*9=1: 1677
12-7+4=9: 2094
29-4*7=1: 1717
8+4*3=20: 2315
23+-16=7: 1699
14+3-9=8: 1613
90-47=43: 1756
36-27=+9: 1521
68/+4=17: 1674
23-+18=5: 1641
28*1/4=7: 1813
432/8=54: 2143
62+31=93: 1744
89-58=31: 1695
32-24=08: 1711
252/3=84: 1888
34/02=17: 1479
19-4*3=7: 1710
47+-39=8: 1578
2*8-16=0: 2363
6*4/3=08: 2280
31+54=85: 1890
62+09=71: 1317
81-31=50: 1532
96-78=18: 1781
13-6+2=9: 2085
6+4-2=08: 2216
272/8=34: 1918
23+-15=8: 1636
72+16=88: 1756
3*04/6=2: 2197
98-82=16: 1703
45-7*6=3: 1775
12+55=67: 1761
31+-6=25: 1732
116/58=2: 1954
130/5=26: 1579
118/2=59: 1717
21-5*3=6: 1897
93-86=07: 1380
20/4+3=8: 2195
32+61=93: 1801
51-8*6=3: 1895
13-4*2=5: 1761
28*1/7=4: 1799
56+36=92: 1719
40+12=52: 1828
99-58=41: 1711
7*2-14=0: 2389
18*04=72: 1311
16+63=79: 1670
24-+5=19: 1594
47+-38=9: 1578
37+55=92: 1642
67-059=8: 1395
208/4=52: 2211
29+47=76: 1686
192/6=32: 1906
148/74=2: 2152
12+3-8=7: 1655
68+21=89: 1687
25-+8=17: 1617
74+23=97: 1734
54+07=61: 1371
60+-58=2: 1858
27+57=84: 1830
5+12/3=9: 2150
3*4+8=20: 2166
59+18=77: 1903
14+55=69: 1672
41+37=78: 1845
372/4=93: 2230
62-52=10: 1898
7*2-3=11: 2369
50-+7=43: 1751
43-7*5=8: 1812
59+22=81: 1591
57-+49=8: 1578
10-6+4=8: 2176
3/6*18=9: 2206
6+8-14=0: 2276
96/+2=48: 1555
84/12=07: 1438
34-14=20: 1967
3*6-1=17: 2201
61+36=97: 1784
160/5=32: 1576
4*42=168: 2502
6*3-10=8: 2228
43+35=78: 1560
36+55=91: 1702
21-3*5=6: 1841
22+76=98: 1606
63+31=94: 1574
54/18=03: 1449
3*4-12=0: 2423
30+24=54: 1816
36-7*5=1: 1858
64+09=73: 1324
60-45=15: 1900
75+16=91: 1421
21+67=88: 1873
64-9*7=1: 1855
86/+2=43: 1557
67-058=9: 1433
18*03=54: 1373
13*+6=78: 1572
5*2-4=06: 2175
21+66=87: 1840
21+56=77: 1969
19+56=75: 1761
84-64=20: 2002
12/4+3=6: 2144
492/82=6: 2073
83+-4=79: 1540
41+-2=39: 1632
2+18/6=5: 2412
93-+7=86: 1526
64+29=93: 1703
42-34=08: 1838
36/018=2: 1768
66+31=97: 1607
138/3=46: 1996
67+27=94: 1721
06+28=34: 1212
83-+9=74: 1548
68/04=17: 1475
35-29=+6: 1557
64+32=96: 1668
34/17=02: 1439
80-43=37: 1708
83-079=4: 1425
60-15=45: 1919
8+4-12=0: 2421
85-+76=9: 1642
23-+4=19: 1618
5+16/4=9: 2190
37+41=78: 1717
62+33=95: 1600
33+49=82: 1620
65+18=83: 1797
3*8/6=04: 2226
3*4/2=06: 2288
184/8=23: 2164
23+55=78: 1598
26-+19=7: 1622
4+13-9=8: 1962
85-+6=79: 1498
192/4=48: 1969
54+35=89: 1622
4+36/9=8: 2063
252/7=36: 1920
98-86=12: 1666
426/71=6: 2355
328/8=41: 2208
73+23=96: 1634
2+45/9=7: 2060
58-18=40: 1957
91-31=60: 1568
44+37=81: 1696
6*7-40=2: 2143
4+6-2=08: 2233
33+58=91: 1743
55+42=97: 1733
67+16=83: 1787
380/4=95: 1571
73+14=87: 1909
93-07=86: 1265
6*7-0=42: 1959
9/24*8=3: 2212
310/62=5: 2002
1+45/9=6: 2095
8*6-2=46: 2656
6*3-1=17: 2254
25+51=76: 1733
31+47=78: 1838
2+15-9=8: 2080
19+57=76: 1719
72/+18=4: 1725
152/2=76: 1884
152/8=19: 1556
68/017=4: 1663
83+-74=9: 1581
2+15-8=9: 2092
32+55=87: 1664
33+61=94: 1669
45+-37=8: 1562
2*82=164: 2445
96/48=02: 1345
35+49=84: 1683
28/7*1=4: 2004
23+72=95: 1616
53-13=40: 1907
30+29=59: 2019
16+49=65: 1624
51-+49=2: 1654
20+41=61: 1610
37+51=88: 1710
480/5=96: 1567
210/35=6: 1991
5*76=380: 2390
24/8*1=3: 2130
85+-6=79: 1490
264/8=33: 2075
5+32/8=9: 1989
1*08/2=4: 2514
170/5=34: 1513
10+4-6=8: 1869
30+26=56: 1925
8*03/4=6: 2176
92-+5=87: 1502
51+37=88: 1800
57/+3=19: 1540
72+17=89: 1858
43*02=86: 1428
72-63=+9: 1695
243/9=27: 1841
29+56=85: 1810
324/6=54: 2096
13+2-7=8: 1608
10+42=52: 1876
31+63=94: 1758
12/9*6=8: 2118
1+56/7=9: 2151
39+43=82: 1602
336/7=48: 2152
3*6-8=10: 2129
92-+7=85: 1494
3+24/6=7: 2079
81-+72=9: 1700
61+-7=54: 1535
15-2*6=3: 1790
48-38=10: 1910
56+25=81: 1693
4*3+8=20: 2207
9+072=81: 1551
31+-24=7: 1744
4*2-3=05: 2171
72-64=+8: 1664
2*58=116: 2424
5*96=480: 2323
92-05=87: 1244
5*2-6=04: 2153
61+-58=3: 1645
52-10=42: 1783
70-+68=2: 1853
6*02/3=4: 2100
8*2-16=0: 2374
49+08=57: 1330
25-+9=16: 1563
68-20=48: 1877
31+46=77: 1931
6*7-1=41: 2393
56-36=20: 2005
57+-49=8: 1553
8/1*4=32: 2156
53-+47=6: 1559
65+31=96: 1701
36/+18=2: 1766
434/7=62: 2050
58-48=10: 1929
160/32=5: 1850
18+59=77: 1775
4+8-10=2: 2209
2*34=068: 2086
35+52=87: 1695
35*6=210: 2241
188/94=2: 2253
6*9-4=50: 2037
170/2=85: 1577
342/9=38: 1956
52-43=+9: 1572
216/27=8: 2148
63*1/7=9: 1796
5*32=160: 2440
57+16=73: 1810
3*68=204: 2457
18*+4=72: 1491
59+04=63: 1267
2+15/3=7: 2229
63-53=10: 1973
71-+68=3: 1691
364/4=91: 1962
4/2*9=18: 2159
27*1/3=9: 1900
336/42=8: 2240
1+27/9=4: 2198
9*8-2=70: 2056
49+16=65: 1711
67+17=84: 1871
6/9*12=8: 2185
56+16=72: 1812
148/4=37: 2053
2*6/3=04: 2253
1+24/6=5: 2203
71-+69=2: 1628
89*7=623: 1808
47+31=78: 1706
60-+7=53: 1758
8*4-1=31: 2417
63-+59=4: 1554
56-46=10: 1963
68*5=340: 2216
3/4*12=9: 2299
336/8=42: 2110
46*5=230: 2124
4*03/2=6: 2172
36-26=10: 1970
60+21=81: 1606
63+-59=4: 1500
270/45=6: 1852
3/9*18=6: 2147
7*8-6=50: 2101
2*84=168: 2701
24*2/6=8: 2339
5+12/6=7: 2174
42-30=12: 1800
37+56=93: 1677
72-68=+4: 1664
30-24=+6: 1810
4/1*9=36: 2155
68+03=71: 1325
76/+2=38: 1479
40-+1=39: 1737
130/2=65: 1635
27+61=88: 1761
57+39=96: 1698
36+57=93: 1609
19+55=74: 1667
86/043=2: 1715
17*02=34: 1382
93-+6=87: 1544
32+64=96: 1778
268/67=4: 2315
023-8=15: 1556
40+18=58: 1985
17*+2=34: 1599
80-35=45: 1908
26+-17=9: 1608
84*9=756: 1913
36/4-1=8: 2023
53-+46=7: 1604
84-34=50: 1942
48-18=30: 1984
95-48=47: 1518
4*6+4=28: 2606
85-079=6: 1428
13+4-8=9: 1699
7*+14=98: 1543
62-21=41: 1863
36+35=71: 1616
24-+19=5: 1650
69+02=71: 1314
36+62=98: 1726
7*02-6=8: 1947
9/6*8=12: 2138
51+-49=2: 1631
44+52=96: 1617
36*1/9=4: 1759
13*04=52: 1401
5+8-3=10: 2204
99-13=86: 1678
228/57=4: 2156
41+-39=2: 1660
17+66=83: 1785
17-3*4=5: 1657
8*+12=96: 1527
252/4=63: 1930
93*7=651: 1872
2*6-8=04: 2168
57-27=30: 1981
3*8-1=23: 2743
90-53=37: 1719
71+-69=2: 1612
42+54=96: 1649
46-36=10: 1906
4*012=48: 2025
25+59=84: 1663
8/24*9=3: 2209
17-2*6=5: 1731
63+34=97: 1641
13+4-9=8: 1655
318/6=53: 2178
6/1*7=42: 2183
60-+58=2: 1889
41-5*7=6: 1743
486/9=54: 2058
6*8-6=42: 2629
48-42=06: 1851
91-61=30: 1667
93+-6=87: 1537
41+-35=6: 1593
27+65=92: 1613
74-14=60: 1862
66+19=85: 1744
3/9*12=4: 2242
64-14=50: 1864
24/6+3=7: 2093
72/+4=18: 1613
12-7+3=8: 2114
30-7*4=2: 1985
176/2=88: 2142
65+09=74: 1276
248/8=31: 2146
34+47=81: 1696
460/5=92: 1559
6*2-04=8: 2213
26+47=73: 1695
37+58=95: 1791
10+2-8=4: 1810
30+27=57: 1927
67+19=86: 1814
496/62=8: 2126
99-75=24: 1870
50-+43=7: 1921
24*1/8=3: 1832
104/13=8: 2080
93-06=87: 1294
190/5=38: 1457
56*1/7=8: 1842
36+56=92: 1769
4*8-6=26: 2787
70-39=31: 1662
38+57=95: 1676
35+54=89: 1753
3*9-27=0: 2244
6-3+9=12: 2011
154/22=7: 2132
80-47=33: 1758
9/36*8=2: 2264
65+29=94: 1663
63+25=88: 1696
4*32=128: 2478
20+38=58: 1991
4*7-6=22: 2479
3*6-18=0: 2316
60-+53=7: 1900
35+63=98: 1642
4*021=84: 2056
65+26=91: 1708
30+18=48: 2020
71+-68=3: 1661
6*3-0=18: 2085
78+13=91: 1363
96/12=08: 1393
81+13=94: 1369
1*48/6=8: 3183
282/94=3: 2011
8+6-4=10: 2233
34-29=+5: 1511
3*76=228: 2398
152/19=8: 1930
53+41=94: 1639
92+-7=85: 1473
1/6*42=7: 2240
42+57=99: 1788
460/92=5: 1790
38/02=19: 1487
61+28=89: 1834
4*8-1=31: 2358
33+64=97: 1704
684/9=76: 2143
47+34=81: 1713
17*04=68: 1344
38+22=60: 1748
034-6=28: 1483
6*8-42=6: 2795
234/26=9: 2145
129/3=43: 2095
1+54/9=7: 2109
17+59=76: 1676
25+-17=8: 1573
67-+58=9: 1563
08+26=34: 1208
74-54=20: 1916
6+8-10=4: 2127
90-57=33: 1764
204/6=34: 2319
4/1*7=28: 2127
08+29=37: 1202
63+08=71: 1373
19-6*2=7: 1845
4*02/1=8: 2261
2+8-4=06: 2205
17-4*3=5: 1701
06+29=35: 1214
2*8-6=10: 2160
42-24=18: 2044
23+-17=6: 1692
147/3=49: 1974
376/4=94: 2154
15-6*2=3: 1908
27+66=93: 1740
23+-14=9: 1670
8*03/6=4: 2140
6+3-7=02: 2221
46-41=05: 1824
4*3-12=0: 2428
3*6-10=8: 2219
1*08/4=2: 2541
7*2-0=14: 2107
6*52=312: 2589
76+15=91: 1374
3*9-20=7: 2138
1+35/7=6: 2144
153/9=17: 1490
36-16=20: 2078
426/6=71: 2131
80-15=65: 1914
1/8*32=4: 2143
424/8=53: 2003
25+61=86: 1807
3/6*14=7: 2283
58+39=97: 1699
39-8*4=7: 1854
90+-84=6: 1852
186/62=3: 2222
230/46=5: 1835
7/1*4=28: 2119
249/3=83: 2058
138/23=6: 2200
6/3*9=18: 2177
312/6=52: 2204
276/4=69: 1991
59+19=78: 1869
644/7=92: 1993
34/017=2: 1755
322/46=7: 2177
64-54=10: 1914
023-5=18: 1541
52+47=99: 1763
39+11=50: 1520
6*8/1=48: 2742
56-16=40: 1985
292/4=73: 1957
28/4-1=6: 2031
4+06-2=8: 2268
234/3=78: 2073
6+8*1=14: 2281
68+29=97: 1738
8*9-2=70: 2067
42-28=14: 2138
61-+58=3: 1671
19+59=78: 1864
12+81=93: 1450
53+-47=6: 1527
4*7-2=26: 2455
31+-27=4: 1701
52-44=08: 1855
76+12=88: 1737
7+085=92: 1489
34+63=97: 1642
24+26=50: 1738
7*12=084: 2102
034-8=26: 1511
90-51=39: 1955
3*72=216: 2336
28+6=034: 1854
6*2/3=04: 2243
192/8=24: 1842
26+72=98: 1550
15+81=96: 1402
32+28=60: 1819
612/9=68: 2054
91-51=40: 1663
6*54=324: 2597
161/7=23: 1607
37+-28=9: 1580
61-+7=54: 1559
9*3-27=0: 2351
360/5=72: 1584
67-+59=8: 1563
20-+4=16: 1809
08+27=35: 1229
352/8=44: 2126
3*4/02=6: 2322
52+39=91: 1854
16+67=83: 1759
9/3*4=12: 2244
61-+4=57: 1616
23-+5=18: 1544
61+32=93: 1838
252/63=4: 2081
2+56/8=9: 2135
32+63=95: 1667
61+25=86: 1835
23-+8=15: 1588
60-7*8=4: 1962
6+4-8=02: 2208
21+55=76: 1826
12*+8=96: 1583
46-16=30: 1951
78/+13=6: 1775
20+51=71: 1674
20+-14=6: 1865
6+3-2=07: 2261
20+48=68: 2025
9*26=234: 2471
2*07-6=8: 2202
68-22=46: 2219
63+35=98: 1570
5*02-4=6: 2012
58+23=81: 1719
22+71=93: 1649
54-20=34: 1758
39-5*7=4: 1650
38+58=96: 1791
82+12=94: 1591
46+47=93: 1557
41+-36=5: 1577
85+-76=9: 1597
20+37=57: 2008
7-2+9=14: 1962
57-6*8=9: 1689
1+28/7=5: 2373
4*2-1=07: 2217
45-35=10: 1915
67+18=85: 1811
2*4-3=05: 2169
2*041=82: 2015
57-37=20: 2022
87/+3=29: 1570
41+36=77: 1896
30-+1=29: 1853
15+62=77: 1889
3*6-7=11: 2243
76+21=97: 1768
6*4-8=16: 2706
68/+17=4: 1714
3+12/6=5: 2211
55+43=98: 1638
27+48=75: 1743
42/3-6=8: 2023
4*9-36=0: 2270
90+-86=4: 1900
424/53=8: 2223
62+37=99: 1750
6+4/2=08: 2252
13+2-8=7: 1625
26+24=50: 1733
28+56=84: 1691
38+51=89: 1700
99-16=83: 1674
42-37=+5: 1559
31+66=97: 1822
99-17=82: 1686
6*1-4=02: 2191
2+6-3=05: 2279
9*4-36=0: 2325
13+73=86: 1834
20-+13=7: 1904
9-4+7=12: 1994
182/26=7: 2064
8*3/4=06: 2314
85-+79=6: 1586
20+34=54: 1851
19*+2=38: 1563
28+61=89: 1767
31+57=88: 1802
71+26=97: 1899
07+29=36: 1215
58+29=87: 1685
24/8+6=9: 2204
58-38=20: 2009
56/7*1=8: 2055
49-8*6=1: 1833
58-28=30: 1954
3+6-2=07: 2231
25+63=88: 1777
296/74=4: 2192
13+64=77: 1877
72-10=62: 1739
76-26=50: 1904
68+17=85: 1766
43+51=94: 1675
23+-7=16: 1610
67+-59=8: 1508
74+13=87: 1852
31+-5=26: 1685
38/+2=19: 1601
76/19=04: 1363
59+37=96: 1693
72-60=12: 1794
62+15=77: 1869
63-23=40: 1934
1/4*32=8: 2195
10+48=58: 2007
3+8-7=04: 2223
54*1/6=9: 1808
1+49/7=8: 2327
34-25=+9: 1529
35+61=96: 1742
4*6/03=8: 2273
63-43=20: 2001
1/4*36=9: 2219
4/3*9=12: 2218
57/03=19: 1439
29-7*4=1: 1838
82-52=30: 1852
1*16/2=8: 2579
24*2/8=6: 2318
90-21=69: 1882
66+25=91: 1654
9+02-3=8: 2044
73+18=91: 1429
81+12=93: 1414
25+56=81: 1784
16+69=85: 1749
14+81=95: 1395
61+-4=57: 1590
8*7-6=50: 2163
16+56=72: 1802
84/07=12: 1458
69*7=483: 1945
51-30=21: 1683
16+57=73: 1729
19+58=77: 1829
25+-16=9: 1649
99-12=87: 1740
69+04=73: 1363
42-26=16: 2318
3+8-6=05: 2203
1*06-2=4: 2197
4+6-8=02: 2247
86*5=430: 2194
2*031=62: 2119
9/2*4=18: 2182
60+-53=7: 1879
2+4*1=06: 2277
7+4-3=08: 2262
19+31=50: 1525
1+32/8=5: 2091
51+43=94: 1713
92+-5=87: 1473
27-+9=18: 1558
76+23=99: 1695
7*2-6=08: 2130
99-83=16: 1798
50-42=+8: 1872
6/3*7=14: 2206
4*27=108: 2457
76+16=92: 1727
024-18=6: 1742
6*3-7=11: 2314
44-36=08: 1883
26+58=84: 1662
3+4-2=05: 2303
9/12*8=6: 2189
8*1-2=06: 2242
41+53=94: 1733
624/8=78: 2250
17+69=86: 1820
37+44=81: 1735
86/02=43: 1531
4*3/2=06: 2284
154/2=77: 2225
34+55=89: 1667
61-20=41: 1565
56-20=36: 1907
24+74=98: 1745
43+48=91: 1659
46-39=+7: 1582
52+43=95: 1682
13-7+2=8: 2104
14+63=77: 1819
98-13=85: 1521
61-+54=7: 1753
9*68=612: 2708
48-46=02: 1893
2*05-4=6: 2164
15+68=83: 1816
29*+3=87: 1574
30-26=+4: 1750
23-+9=14: 1601
31+-25=6: 1769
31+62=93: 1891
340/68=5: 1826
55+41=96: 1660
12/6+7=9: 2162
80-45=35: 1916
65-9*7=2: 1892
22+59=81: 1605
74-64=10: 1926
20-+6=14: 1760
380/5=76: 1567
19+46=65: 1658
18/6+4=7: 2120
35+-28=7: 1604
53+-46=7: 1575
2+6/1=08: 2200
6+4-02=8: 2249
3*8/06=4: 2265
272/34=8: 2025
26*03=78: 1324
50+-47=3: 1860
34-20=14: 1846
50+31=81: 1591
13*+4=52: 1570
91-41=50: 1624
63+32=95: 1648
8*95=760: 2177
7+02-3=6: 2047
20+61=81: 1693
22+38=60: 1866
28+32=60: 1793
6+2/1=08: 2180
34+62=96: 1737
45-31=14: 1789
81+15=96: 1360
10+38=48: 1994
238/7=34: 1981
9/1*3=27: 2253
53+43=96: 1618
65+08=73: 1387
25-+19=6: 1630
45-36=+9: 1661
216/54=4: 2396
50+-43=7: 1878
73+26=99: 1741
4-9+12=7: 1930
62-53=+9: 1657
59+08=67: 1300
54-30=24: 1821
32+67=99: 1848
384/96=4: 2212
48+22=70: 1711
09+27=36: 1241
2+6*1=08: 2257
288/96=3: 2266
48+37=85: 1620
53+42=95: 1695
6*72=432: 2396
63-13=50: 1903
3*92=276: 2208
69+24=93: 1760
8+3*4=20: 2362
90-+84=6: 1863
208/52=4: 2300
19*02=38: 1356
4+7-3=08: 2227
9/3*7=21: 2252
036-9=27: 1498
67+-58=9: 1504
272/68=4: 2051
83+-79=4: 1557
2*43=086: 2119
63/7*1=9: 2042
80-65=15: 1951
7/3*9=21: 2285
34-6=028: 1714
33+65=98: 1680
59+38=97: 1784
30-+21=9: 1938
4+087=91: 1518
3*9-0=27: 1923
189/3=63: 2059
58+31=89: 1689
71+27=98: 1782
8*53=424: 2552
5+6-3=08: 2210
51+38=89: 1880
8*2-4=12: 2557
25-8*3=1: 1908
23+-18=5: 1643
2*6-04=8: 2209
20+-16=4: 1870
51-3=048: 1732
8+4-10=2: 2279
25+-18=7: 1633
7*4-22=6: 2548
14-8+3=9: 2127
61-3=058: 1717
74-20=54: 1774
212/4=53: 2023
69+17=86: 1796
8*2/1=16: 2346
195/3=65: 2055
324/36=9: 2254
3*84=252: 2468
8/36*9=2: 2271
99-14=85: 1669
4*57=228: 2540
52+45=97: 1679
7*4+2=30: 2167
3*4/6=02: 2268
34/+17=2: 1767
67+32=99: 1783
3*8/04=6: 2277
60-8*7=4: 2056
20+14=34: 1965
99-78=21: 1952
54/6*1=9: 1975
20+36=56: 1968
192/24=8: 2091
4*9-30=6: 2143
15+2-8=9: 1629
73-23=50: 1889
7+3-2=08: 2234
28-4*7=0: 1942
76/+4=19: 1625
44-38=06: 1882
75+24=99: 1783
44+26=70: 1830
1*18/3=6: 2665
68+15=83: 1752
6+087=93: 1497
42-38=04: 1907
4*9-0=36: 1960
21/7*3=9: 2221
8*2-0=16: 2107
234/6=39: 2060
10-2*3=4: 1912
258/3=86: 2084
52/+13=4: 1743
41-7*5=6: 1859
10+4-8=6: 1872
40-+31=9: 1837
3+6-7=02: 2213
37-8*4=5: 1839
3+45/9=8: 2008
84-54=30: 1973
7/1*6=42: 2203
21+65=86: 1901
39+45=84: 1728
1*14-8=6: 2266
90-39=51: 1906
170/34=5: 1830
114/57=2: 2055
198/6=33: 2010
49+11=60: 1541
50+24=74: 1784
8*6/1=48: 2847
50+18=68: 2041
7*2-10=4: 2256
09+26=35: 1228
3*8+2=26: 2415
6-2+9=13: 2032
54/018=3: 1772
7*4-1=27: 2889
8-6*1=02: 2233
068/2=34: 1688
61-+59=2: 1652
29-8*3=5: 1872
9-3+6=12: 2066
30+41=71: 1570
5+3-2=06: 2300
7*9-63=0: 2193
52-49=+3: 1587
48-9*5=3: 1899
2*06/4=3: 2349
52-48=04: 1955
4+6*4=28: 2704
6+2*1=08: 2299
3-6+12=9: 2053
4+2*1=06: 2281
32/4-1=7: 2150
5+3-6=02: 2329
20-+17=3: 1884
42-10=32: 1855
65-7*8=9: 1751
47-9*5=2: 1917
3*6-0=18: 2021
3*6-11=7: 2416
15+76=91: 1494
17-6*2=5: 1854
12-9+3=6: 2191
42-35=+7: 1584
2*4/01=8: 2399
8+6-14=0: 2338
292/73=4: 2077
16/8+2=4: 2174
27+46=73: 1719
10*2/4=5: 2151
172/86=2: 2134
18/2-3=6: 1975
4+8-7=05: 2205
48+47=95: 1581
18+22=40: 1802
85+-79=6: 1533
57+04=61: 1369
3*4-0=12: 2149
310/5=62: 1770
23+65=88: 1803
73+09=82: 1278
4*8+2=34: 2556
3-9+12=6: 2016
12-8+3=7: 2179
6*4/03=8: 2296
72-69=+3: 1661
45-15=30: 1985
3+8-2=09: 2198
4*6-8=16: 2634
76/02=38: 1354
27+67=94: 1842
50-6*8=2: 1946
5*02-6=4: 1973
31+58=89: 1888
71-20=51: 1569
48-30=18: 1825
23-5=018: 1656
9*4-30=6: 2203
9/18*4=2: 2580
2+7-3=06: 2158
27/3*1=9: 1982
6+21/7=9: 2052
3*5-1=14: 2227
432/72=6: 2096
4*3-0=12: 2166
50+12=62: 1839
78/03=26: 1401
3*2-1=05: 2275
1*14-6=8: 2255
2/9*18=4: 2220
2*8-10=6: 2245
8+3-9=02: 2236
3*46=138: 2586
352/4=88: 2275
023-15=8: 1815
32+59=91: 1903
156/52=3: 2386
1/8*24=3: 2243
4*68=272: 2713
31+-26=5: 1775
4+6-02=8: 2257
78/39=02: 1367
49+35=84: 1675
3+8-9=02: 2148
59+25=84: 1631
26+-7=19: 1561
21+68=89: 1917
4*53=212: 2595
7*9-0=63: 1985
104/26=4: 2549
3+9-7=05: 2203
036-7=29: 1482
24+69=93: 1829
5+16/8=7: 2213
72-21=51: 1860
3+8-4=07: 2255
138/46=3: 2268
62-4=058: 1588
24+-9=15: 1636
3/7*14=6: 2219
81+16=97: 1450
21+72=93: 1753
7+2-3=06: 2217
12+5-9=8: 1684
2+8-6=04: 2183
6*4-6=18: 2641
9*6-4=50: 2131
34+26=60: 1893
39-7*5=4: 1779
438/6=73: 2186
6-4*1=02: 2211
36+61=97: 1662
7+4-9=02: 2173
5+7-4=08: 2220
47+46=93: 1614
8*41=328: 2776
86/+43=2: 1712
61+-59=2: 1635
86-36=50: 1928
8*1/2=04: 2384
16+81=97: 1450
12+65=77: 1894
75+13=88: 1713
6+2-3=05: 2283
48+39=87: 1701
50-+47=3: 1886
32-28=04: 1686
2*032=64: 1864
83-+79=4: 1578
19+67=86: 1793
1*06-4=2: 2194
2*014=28: 1901
15+2-9=8: 1596
4*7+2=30: 2152
19-3*5=4: 1711
28+59=87: 1769
9/3*6=18: 2154
6*3-11=7: 2426
4*8-26=6: 2859
3*8+0=24: 1947
8*42=336: 2490
45+47=92: 1543
3+7-2=08: 2238
54*1/9=6: 1779
6*01-4=2: 2009
51-33=18: 1830
42+55=97: 1710
8*4-6=26: 2822
6+04-2=8: 2172
53+28=81: 1786
12/9*3=4: 2200
5*4-1=19: 2178
46+24=70: 1830
2*7-14=0: 2394
17-5*3=2: 1757
3/1*9=27: 2277
30+16=46: 1956
90-+86=4: 1882
3*6/1=18: 2252
30+12=42: 1865
68-26=42: 2253
34-10=24: 1904
8*2-1=15: 2286
51-36=15: 2044
59+28=87: 1736
8+2-4=06: 2233
68-40=28: 1954
30+51=81: 1646
84-20=64: 1790
10*4/5=8: 2135
45+46=91: 1675
4*02-3=5: 1975
423/9=47: 2108
372/93=4: 2201
37+59=96: 1726
65-25=40: 1956
4*03/6=2: 2188
17+62=79: 1801
329/7=47: 2309
7*3-0=21: 2216
56+43=99: 1710
9*36=324: 2649
39+35=74: 1495
266/38=7: 2242
5*4/1=20: 2404
6+3-1=08: 2254
23+-6=17: 1644
73-53=20: 2012
18+65=83: 1808
2+4/1=06: 2209
744/93=8: 2272
78/13=06: 1409
52/+4=13: 1625
33+62=95: 1723
58-9*6=4: 1830
19-5*3=4: 1767
08+39=47: 1293
441/7=63: 2192
522/6=87: 2048
27-+8=19: 1606
3+8-02=9: 2182
8*1/4=02: 2379
96/02=48: 1376
90-25=65: 1884
91-+84=7: 1755
67-27=40: 2001
6*4/2=12: 2832
57-9*6=3: 1865
10+24=34: 1901
81+-9=72: 1530
4+2/1=06: 2215
12+5-8=9: 1730
185/5=37: 1848
75+17=92: 1757
192/32=6: 2015
4*16/8=8: 3082
7+4-02=9: 2169
026-9=17: 1479
61+-54=7: 1705
136/68=2: 2266
8*3-1=23: 2726
12-9+4=7: 2165
7+4-2=09: 2217
60+24=84: 1863
108/12=9: 2138
2/4*18=9: 2271
10-4/2=8: 2137
90-61=29: 2048
5+086=91: 1500
8+6*1=14: 2349
57-47=10: 1979
78+17=95: 1755
10-3*2=4: 1942
4+028=32: 1889
4*6/1=24: 2758
29+52=81: 1625
19+66=85: 1779
45+52=97: 1712
72-4=068: 1631
26+-9=17: 1590
6*82=492: 2411
2*04-3=5: 2103
24/3+1=9: 2061
72*1/8=9: 1848
8-4+9=13: 1988
56-47=+9: 1580
42+28=70: 1757
2+08-4=6: 2383
40+29=69: 1966
9*48=432: 2671
434/62=7: 2191
9+3-7=05: 2293
27-+18=9: 1659
76+19=95: 1730
6+085=91: 1495
2+8*3=26: 2436
8*1-6=02: 2203
46-37=+9: 1574
99-86=13: 1822
37-9*4=1: 1885
8+6-10=4: 2174
81-+2=79: 1636
025-7=18: 1482
30+15=45: 2021
38/019=2: 1759
1*64/8=8: 2946
59+32=91: 1895
2*57=114: 2369
13+74=87: 1944
13+81=94: 1396
38+47=85: 1589
10+26=36: 1996
69+28=97: 1790
20/5+4=8: 2267
024-9=15: 1542
2+9-3=08: 2176
644/92=7: 2215
20+39=59: 2088
380/95=4: 1793
12+76=88: 1839
51-38=13: 1958
174/2=87: 2232
2*05-6=4: 2141
3+18/9=5: 2318
75-8*9=3: 1773
23-+19=4: 1630
45-39=+6: 1595
26+67=93: 1704
18+73=91: 1450
2*7-4=10: 2182
7*2-8=06: 2129
24/6+5=9: 2106
7+086=93: 1505
2*8/1=16: 2297
54+43=97: 1501
4*5-1=19: 2208
57+37=94: 1731
2*3-1=05: 2305
45*6=270: 2312
6*3-2=16: 2764
26+55=81: 1725
19+21=40: 1590
59-7*8=3: 1701
61+35=96: 1809
96/+12=8: 1727
36/4-2=7: 2010
023-6=17: 1585
192/48=4: 2354
48-41=07: 1845
40+-1=39: 1772
5+27/9=8: 2167
32-4*8=0: 2028
9/1*6=54: 2093
9*3-20=7: 2228
53-40=13: 1781
51-20=31: 1626
61-40=21: 1625
72*1/9=8: 1769
024-5=19: 1551
2*04-1=7: 2175
148/37=4: 2338
6*01-2=4: 1996
6*4+4=28: 2603
34/2-8=9: 1860
18+67=85: 1782
3*6-4=14: 2731
5+28/7=9: 2259
76+17=93: 1749
09+28=37: 1228
91-21=70: 1561
8/12*9=6: 2231
68-58=10: 2035
12+28=40: 1829
6*87=522: 2631
76/38=02: 1273
3+06-2=7: 2280
54-42=12: 2254
07+39=46: 1291
2*54=108: 2341
3+5-2=06: 2303
672/8=84: 2176
73-13=60: 1919
6*8-46=2: 2711
15+72=87: 1961
90-13=77: 1801
2+6/3=04: 2178
68-18=50: 1993
7+3-8=02: 2208
152/76=2: 2133
5*3-1=14: 2196
26+-19=7: 1615
1/9*36=4: 2134
76-9*8=4: 1797
81+-72=9: 1671
11+83=94: 1506
43-41=02: 1914
5+7-8=04: 2207
07+28=35: 1250
81+14=95: 1412
5+7-3=09: 2240
74+09=83: 1362
94-24=70: 1765
4+3-2=05: 2313
1/7*42=6: 2198
4/1*8=32: 2162
27*+3=81: 1659
99-84=15: 1820
8+5-3=10: 2279
108/9=12: 1821
8*6-6=42: 2638
6*71=426: 2702
28-9*3=1: 1962
084/12=7: 1990
130/26=5: 1903
72-30=42: 1750
84/+7=12: 1608
744/8=93: 2078
7/3*6=14: 2192
42/3-8=6: 2038
3+7-4=06: 2231
7+6-3=10: 2262
42+53=95: 1699
45-11=34: 1808
4*29=116: 2526
28/4-6=1: 2047
47-41=06: 1831
60+-57=3: 1875
3+8-5=06: 2222
5+6-8=03: 2272
63*1/9=7: 1801
4+8*3=28: 2773
62-41=21: 1925
2*023=46: 1842
9+3-2=10: 2428
3+6-02=7: 2216
388/4=97: 2135
4*6-6=18: 2584
4*18=072: 2383
4+5-2=07: 2263
62*5=310: 2239
9+2-6=05: 2338
8*3/6=04: 2315
4*6/2=12: 2821
77+12=89: 1871
2*4-1=07: 2227
99-82=17: 1833
16/4+5=9: 2053
83-23=60: 1893
6*3/1=18: 2253
10*2/5=4: 2141
130/65=2: 1912
68+31=99: 1792
8+2-6=04: 2239
25+-7=18: 1577
35-27=+8: 1559
7+6-9=04: 2234
6+7-3=10: 2220
28*5=140: 2246
4*5/1=20: 2410
4+4*6=28: 2648
4+9-3=10: 2207
3*5-4=11: 2288
19-2*7=5: 1647
91+-86=5: 1606
6+8/2=10: 2242
4*3/6=02: 2270
05+29=34: 1205
86-56=30: 1969
47+38=85: 1663
387/9=43: 2089
498/6=83: 2128
82-12=70: 1825
14+26=40: 1883
42*4=168: 2427
6*8+2=50: 2146
8/2+9=13: 2019
2*8-4=12: 2531
60-+57=3: 1894
90-59=31: 1949
9*4-0=36: 2023
37-29=+8: 1545
40-38=+2: 1832
352/44=8: 2245
7+04-3=8: 2171
24-5=019: 1669
90-29=61: 1893
76+09=85: 1279
3/1*8=24: 2178
7*3-21=0: 2440
4+6-3=07: 2282
49+38=87: 1749
5+8-7=06: 2210
4*02-1=7: 2069
17-3*5=2: 1693
4+35/7=9: 2020
3+6-4=05: 2278
5*4-9=11: 2220
9-2+7=14: 1972
81-+75=6: 1765
129/43=3: 2221
4*06/8=3: 2263
1*8/2=04: 2283
17+68=85: 1832
3*9-3=24: 2520
9/1*7=63: 2190
81-+5=76: 1612
44+53=97: 1557
9+4-3=10: 2297
69+16=85: 1776
7+5-4=08: 2267
10+58=68: 2093
7+2-6=03: 2281
78/26=03: 1297
5+4-2=07: 2291
6*47=282: 2670
57+42=99: 1791
14*+7=98: 1582
72*5=360: 2188
62-10=52: 1784
61-7*8=5: 1839
41-33=08: 1874
2+046=48: 2045
76-46=30: 1978
8+3-2=09: 2282
77+21=98: 1711
57-17=40: 2002
37-28=+9: 1592
78/+6=13: 1699
4+7-9=02: 2181
41-32=+9: 1772
4+03-2=5: 2225
1*16/8=2: 2689
38+59=97: 1751
12/3+5=9: 2113
2+8-04=6: 2193
9+2-7=04: 2194
39+57=96: 1741
558/6=93: 2181
60+12=72: 1786
81-+9=72: 1540
24-8=016: 1670
8*32=256: 2382
56-40=16: 1900
22-014=8: 1986
5+023=28: 1819
4*7-22=6: 2592
4*63=252: 2495
46-30=16: 1793
70-62=+8: 1899
5+4-3=06: 2221
498/83=6: 2282
99-87=12: 1771
7+5-8=04: 2273
4*2-5=03: 2186
11+82=93: 1568
6+5-3=08: 2165
2*18=036: 2387
78/013=6: 1703
79+03=82: 1279
2*27/6=9: 2753
9-2+6=13: 2079
558/9=62: 2075
7+4-8=03: 2257
376/8=47: 2334
6+7-9=04: 2202
32-27=05: 1682
6+3-02=7: 2271
4+7-02=9: 2179
6*1-02=4: 2194
025-9=16: 1496
390/5=78: 1556
026-7=19: 1486
72-40=32: 1725
28+12=40: 1794
82-21=61: 1821
4+8-5=07: 2186
4+012=16: 1670
91+-84=7: 1722
8*1/02=4: 2402
7+2-4=05: 2297
9/12*4=3: 2300
3/9*21=7: 2296
7+084=91: 1557
25+-6=19: 1616
3*4/06=2: 2302
4+021=25: 1913
3+7-8=02: 2202
51-42=+9: 1742
43+52=95: 1728
8+3-7=04: 2258
7*02-8=6: 1961
028+6=34: 1566
5*3-4=11: 2270
56-30=26: 1931
28+42=70: 1741
48-43=05: 1900
6*4/1=24: 2736
9*8-72=0: 2137
4+7-2=09: 2203
023-7=16: 1571
6+8/1=14: 2143
4*9-2=34: 2517
40+23=63: 1829
31+65=96: 1902
56/8*1=7: 2155
19+41=60: 1510
4*13=052: 2160
3+5-6=02: 2305
29+55=84: 1682
4+6/2=07: 2202
18/9*3=6: 2102
40+13=53: 1877
23+-8=15: 1627
61-17=44: 1953
58-10=48: 1889
9+2-3=08: 2261
22+18=40: 1885
4+9-6=07: 2226
41-22=19: 1732
36-32=04: 1817
71-62=+9: 1799
76/04=19: 1416
28+53=81: 1781
65-45=20: 1992
34/2-9=8: 1853
4-16/8=2: 2463
10+43=53: 1898
36+24=60: 1883
24-16=+8: 1575
3*06/2=9: 2305
59-29=30: 2029
2*5-4=06: 2197
64-46=18: 2222
24-3*8=0: 1945
3*8+4=28: 2689
6*2-08=4: 2193
7*18=126: 2429
78+21=99: 1738
4-7+12=9: 1936
7*8+4=60: 2135
59+11=70: 1493
8*6-42=6: 2768
67-47=20: 2055
18/2-6=3: 1960
64-10=54: 1785
57/19=03: 1390
10+32=42: 1890
5+7-9=03: 2236
42-14=28: 2151
6*9-0=54: 1902
37+62=99: 1849
5+4-7=02: 2275
50-+1=49: 1835
2*07-8=6: 2216
48/6+1=9: 2064
38+49=87: 1739
7+2-5=04: 2275
90-17=73: 1776
7*6-9=33: 2464
59-8*7=3: 1765
68-7*9=5: 1703
35-15=20: 2059
6*04/8=3: 2199
43-32=11: 1925
19+51=70: 1546
62-54=+8: 1569
2+6-5=03: 2283
7+5-9=03: 2291
3+4-02=5: 2281
45-37=+8: 1587
48-10=38: 1889
6+4-7=03: 2270
3+7-6=04: 2233
41-27=14: 1916
7+5-3=09: 2289
25+69=94: 1801
5+03-2=6: 2234
38+61=99: 1854
13-8+2=7: 2171
53+44=97: 1595
3+4-5=02: 2268
6+03-2=7: 2167
2+9-6=05: 2221
8-3+7=12: 2039
62-59=+3: 1647
023-4=19: 1565
36-20=16: 1902
56*1/8=7: 1868
2+9-7=04: 2100
06+39=45: 1236
57-8*6=9: 1839
28-7*4=0: 2111
76+05=81: 1366
025-6=19: 1514
36/9*1=4: 2121
25+-8=17: 1631
50-8*6=2: 2117
42-18=24: 2192
10+28=38: 2023
40+17=57: 2024
2*12/4=6: 2715
4+9-7=06: 2187
2*8-0=16: 2036
98-83=15: 1686
48*02=96: 1305
031-7=24: 1603
46+45=91: 1639
041-6=35: 1470
6+8-9=05: 2163
172/43=4: 2308
172/4=43: 1978
104/8=13: 1731
7+6*1=13: 2433
5+3-02=6: 2320
48/6-1=7: 2113
81-20=61: 1572
9+4-7=06: 2274
6*014=84: 2130
4*5-9=11: 2262
6*02-3=9: 1958
4+5-3=06: 2255
062-8=54: 1448
3*88=264: 2782
40+31=71: 1577
90-+83=7: 1865
1*8/02=4: 2281
30+19=49: 2085
46-45=01: 1881
24/6+1=5: 2195
92-32=60: 1809
6+4-3=07: 2275
14/7+6=8: 2134
28+69=97: 1842
64-48=16: 2327
16+24=40: 1872
22+48=70: 1822
41-24=17: 1902
81+-6=75: 1628
81+-5=76: 1577
64*2=128: 2248
243/27=9: 2126
46-10=36: 1856
24+-19=5: 1630
4*2/01=8: 2381
90-73=17: 1939
47+52=99: 1805
9*14=126: 2280
72-28=44: 2118
30+-1=29: 1879
2+8-3=07: 2178
90+-4=86: 1787
45+51=96: 1674
2+8-7=03: 2139
3+5-02=6: 2282
42-04=38: 1917
9*6-2=52: 2511
5*3-7=08: 2163
51-16=35: 2045
238/34=7: 2254
75+06=81: 1423
3*86=258: 2739
3+025=28: 1815
5*1-3=02: 2246
61-+57=4: 1702
9*8-70=2: 2032
153/17=9: 1940
8+3-02=9: 2269
7*4-26=2: 2730
51-43=+8: 1614
35-25=10: 2000
47+45=92: 1559
441/63=7: 2378
73-63=10: 1969
3+6-1=08: 2264
4+8*1=12: 2353
2+9-03=8: 2151
82-72=10: 1932
41-29=12: 1791
9*3-0=27: 2016
40+27=67: 1915
64-16=48: 2265
168/56=3: 2249
568/71=8: 2352
3*2/1=06: 2394
38-28=10: 1980
58+41=99: 1753
20+54=74: 1888
048/3=16: 1667
16+75=91: 1424
1*48/8=6: 3063
27-+19=8: 1595
480/96=5: 1761
8*2-2=14: 2472
025-8=17: 1520
71-50=21: 1679
50+23=73: 1812
50+28=78: 1944
376/94=4: 2260
50+32=82: 1786
5+7-2=10: 2280
024-15=9: 1811
102/6=17: 1859
8*62=496: 2502
8+3-6=05: 2255
287/41=7: 2349
10-8+2=4: 2357
196/2=98: 2056
7+04-2=9: 2109
6*2-3=09: 2121
8*54=432: 2457
312/8=39: 2058
7+16/8=9: 2173
6*2-7=05: 2205
40+32=72: 1720
26+14=40: 1911
20-+3=17: 1747
61-14=47: 1962
91-+86=5: 1645
8+02-4=6: 2085
17+67=84: 1886
4*8+4=36: 2555
7-3+8=12: 2016
4*17=068: 2246
3*6-3=15: 2629
062-4=58: 1436
294/3=98: 2122
40+25=65: 1937
6+2-5=03: 2320
2-9+13=6: 2004
023-9=14: 1518
16+72=88: 1809
2+7-5=04: 2210
46+34=80: 1912
28-23=05: 1632
38*02=76: 1324
4*7-1=27: 2821
21/9*3=7: 2321
58-20=38: 1879
56-10=46: 1924
3+14/7=5: 2121
45*8=360: 2359
45-34=11: 1862
2*27/9=6: 2738
14+73=87: 1900
219/3=73: 2221
61+38=99: 1942
5+8*1=13: 2342
072-9=63: 1572
1*24/6=4: 2916
91+-85=6: 1634
23+73=96: 1778
19*03=57: 1315
10+52=62: 1924
8+3-4=07: 2269
96/08=12: 1447
8*2-10=6: 2254
104/2=52: 2304
4+07-2=9: 2267
7*4+0=28: 1998
170/85=2: 1827
4+5-7=02: 2259
81+-2=79: 1624
2*74=148: 2570
90-+4=86: 1795
7+3-4=06: 2232
5*2-1=09: 2301
8*+03=24: 2014
83-63=20: 1996
7*2-9=05: 2114
09+37=46: 1313
73+15=88: 1737
4*3/02=6: 2327
98/014=7: 1763
369/41=9: 2419
82*3=246: 2357
8+4/2=10: 2285
018+6=24: 1655
16/4+3=7: 2070
74+25=99: 1741
1+024=25: 1904
31-22=09: 1861
4+7-8=03: 2215
2*12/6=4: 2707
427/7=61: 2229
3+9-5=07: 2201
2*7-10=4: 2267
427/61=7: 2427
63-54=+9: 1705
51-13=38: 1856
245/7=35: 2095
64-18=46: 2347
72/6-4=8: 2015
98-15=83: 1542
76-36=40: 1953
84-14=70: 1881
6*6-4=32: 2532
43+53=96: 1656
9*4-2=34: 2530
15/3+4=9: 2033
8+16=024: 2219
82+16=98: 1826
8*1/04=2: 2424
2+08-6=4: 2393
11+39=50: 1652
99-15=84: 1622
5+21/7=8: 2054
37+48=85: 1660
26+44=70: 1864
8*39=312: 2823
78/+26=3: 1742
4+6-7=03: 2262
40-+9=31: 1742
25+-9=16: 1613
5+6-9=02: 2242
17+56=73: 1802
3-8+12=7: 2034
72+09=81: 1399
2+7-4=05: 2239
3+05-2=6: 2320
20+64=84: 1992
43-31=12: 1829
2*4-5=03: 2171
5+6-03=8: 2213
92-42=50: 1796
73-8*9=1: 1805
264/88=3: 2349
7*48=336: 2768
35-28=+7: 1583
65-8*7=9: 1826
11+86=97: 1599
75+09=84: 1363
31-5=026: 1892
50+13=63: 1935
5*2-3=07: 2168
81-+76=5: 1740
54-43=11: 1803
041-5=36: 1464
34*2=068: 1863
5+9-6=08: 2147
77+16=93: 1809
81-+6=75: 1644
76-20=56: 1871
8+4-7=05: 2248
18/9*2=4: 2116
3*6/18=1: 2580
6*3-17=1: 2534
81+-75=6: 1722
41-5=036: 1775
2*6-08=4: 2181
8*01-6=2: 2078
3*7-21=0: 2405
016+8=24: 1703
14-9+2=7: 2145
06+18=24: 1323
58-30=28: 1935
035-6=29: 1586
10*4/8=5: 2104
42/7+3=9: 2178
91+-87=4: 1664
10+3-5=8: 1885
252/36=7: 2132
035-7=28: 1517
6*02/4=3: 2171
58-40=18: 1837
2*03-1=5: 2210
4+7-5=06: 2251
27+23=50: 1687
05+37=42: 1292
74-10=64: 1825
29+11=40: 1605
3*6-17=1: 2501
72-24=48: 2060
1*8/4=02: 2283
61+-57=4: 1661
5-8+12=9: 2013
198/33=6: 2143
2+7-6=03: 2190
6-2*1=04: 2196
9+02-8=3: 2040
23+58=81: 1819
026+8=34: 1580
6+4/02=8: 2269
3*9-4=23: 2644
51+45=96: 1764
7+8-5=10: 2241
8+02-6=4: 2080
08+16=24: 1287
204/34=6: 2429
39+58=97: 1832
1*08-2=6: 2360
82-30=52: 1713
25+-19=6: 1625
2+07-3=6: 2287
249/83=3: 2166
20+-13=7: 1877
54-48=06: 1846
6*6-2=34: 2506
9*2/3=06: 2216
8+024=32: 1945
78/02=39: 1433
9+3-5=07: 2286
90+-6=84: 1787
73+19=92: 1808
53-51=02: 1978
102/17=6: 2211
5+7-04=8: 2179
41+55=96: 1782
62-31=31: 2025
12+75=87: 1948
4*7+0=28: 1977
24+-5=19: 1611
23+74=97: 1933
1*6-2=04: 2184
7*2-11=3: 2431
3+04-2=5: 2250
68+05=73: 1315
5*78=390: 2440
53-38=15: 2382
2*6/03=4: 2319
2*7-1=13: 2287
045-7=38: 1531
6*8/3=16: 2779
20+49=69: 1999
71-14=57: 2155
1/9*63=7: 2203
8-5+9=12: 2046
5+2-3=04: 2232
035-9=26: 1569
031-6=25: 1636
3+6-5=04: 2241
3*94=282: 2464
23+27=50: 1697
3-8+14=9: 1958
20+16=36: 2049
76/019=4: 1644
30+52=82: 1835
4-9+13=8: 1917
2+4*7=30: 2270
5*6-2=28: 2451
4+3-5=02: 2279
2*86=172: 2619
5+7-03=9: 2225
62-58=+4: 1571
41+58=99: 1900
7*63=441: 2671
9+4-6=07: 2270
5+6/2=08: 2205
8*4-26=6: 2886
135/5=27: 2004
7*8-0=56: 1952
78-68=10: 2042
4-8+13=9: 1957
2+07-4=5: 2355
2+8-06=4: 2203
252/84=3: 2105
7*+04=28: 1947
29+64=93: 1895
027-9=18: 1467
1/7*28=4: 2191
7/1*9=63: 2165
27+-18=9: 1638
10*3/6=5: 2142
2+5-3=04: 2252
2*5-6=04: 2162
37+57=94: 1803
91-71=20: 1728
31+68=99: 2014
5-9+12=8: 1984
7-2+8=13: 2063
20+18=38: 2065
56-49=+7: 1570
65+34=99: 1834
6*3-6=12: 2757
84-60=24: 1944
72-44=28: 2131
90+-87=3: 1876
4+018=22: 1940
5+8-13=0: 2325
23+-4=19: 1669
51-2=049: 1737
30-+9=21: 1864
46-38=08: 2056
43+54=97: 1633
10+25=35: 2007
53+46=99: 1791
20+15=35: 2046
084/7=12: 1723
204/51=4: 2547
92-62=30: 1882
7+3-6=04: 2253
9+2-8=03: 2240
5+8-10=3: 2209
1*8-2=06: 2192
430/86=5: 1896
5*8-2=38: 2629
6+3-4=05: 2247
48+51=99: 1756
6+5-8=03: 2239
76-56=20: 1991
12-8+5=9: 2202
2-6+13=9: 2021
12/6+3=5: 2245
90+-83=7: 1856
324/54=6: 2189
304/4=76: 2281
4*2-7=01: 2236
52-21=31: 1858
8*9-72=0: 2136
10+36=46: 1963
43-42=01: 1958
68-42=26: 2230
13+78=91: 1494
023-14=9: 1809
028+9=37: 1528
50-48=+2: 1894
2*028=56: 1842
5+6-2=09: 2258
8*63=504: 2309
279/31=9: 2408
7/42*6=1: 2281
53-10=43: 1843
78-18=60: 2013
3+9-2=10: 2329
7*5-2=33: 2615
4*014=56: 1996
3*16/8=6: 3035
3*4-10=2: 2317
69+25=94: 1677
38/+19=2: 1734
30+-21=9: 1912
99-85=14: 1777
558/93=6: 2224
94-34=60: 1886
034-9=25: 1544
46+53=99: 1751
9*7-63=0: 2251
2*8-2=14: 2440
11+85=96: 1518
3+7-02=8: 2191
2-9+14=7: 1960
90-65=25: 2017
7+3-02=8: 2188
44+36=80: 1954
378/7=54: 2220
81/+3=27: 1719
8*6-46=2: 2749
64+35=99: 1746
2*06-3=9: 2161
5*2-7=03: 2195
31-6=025: 1908
41-17=24: 1961
74+19=93: 1764
40+-9=31: 1746
6*9-2=52: 2448
39*02=78: 1349
3+06-1=8: 2286
104/52=2: 2471
36*5=180: 2286
2+9-4=07: 2150
3*6+4=22: 2445
40+-31=9: 1830
8+4*1=12: 2438
7+6-4=09: 2280
19*04=76: 1331
72/8*1=9: 2063
7*2-06=8: 2154
32-25=07: 1705
5*3-6=09: 2186
69+05=74: 1268
54-41=13: 1713
2*68=136: 2941
2+9-5=06: 2190
91-+4=87: 1634
63-61=02: 2089
9*6/27=2: 2739
1*12-4=8: 2256
18/2-4=5: 1940
36-31=05: 1831
072-3=69: 1556
215/5=43: 2160
3+08-2=9: 2382
45+53=98: 1610
81/27=03: 1453
624/78=8: 2363
42/3-5=9: 2018
4+8-0=12: 2073
190/38=5: 1806
59-39=20: 2082
2*7-6=08: 2113
3*8-3=21: 2664
5+8-6=07: 2229
58+4=062: 1764
54-46=08: 1842
4+7-03=8: 2192
18+69=87: 1849
31-4=027: 1856
2*6/4=03: 2311
31+19=50: 1617
4+3-1=06: 2282
8+03-2=9: 2164
354/6=59: 2118
9+02-5=6: 2118
6+8-0=14: 2045
9+02-4=7: 2025
1*08-6=2: 2362
029+7=36: 1564
25+66=91: 1799
36+44=80: 1946
1*06/3=2: 2455
63-50=13: 1908
9+2-03=8: 2229
2*8-12=4: 2601
9+2-5=06: 2283
53+45=98: 1633
7*5-3=32: 2516
5*38=190: 2557
7+5-2=10: 2305
287/7=41: 2092
5+06-3=8: 2266
023-18=5: 1807
10+35=45: 1981
4*6/8=03: 2290
8-3+9=14: 1978
72-48=24: 2203
312/52=6: 2267
51+48=99: 1913
5*1-2=03: 2297
30+42=72: 1750
40/8+2=7: 2399
4*3-7=05: 2188
031-4=27: 1653
18+6=024: 1754
8+3-5=06: 2277
3*05-6=9: 2135
24+73=97: 1892
023-16=7: 1924
6*1-04=2: 2215
13*06=78: 1383
30/6+2=7: 2330
6/42*7=1: 2260
39+52=91: 1933
98/14=07: 1394
11+84=95: 1571
72-26=46: 2339
6*2/4=03: 2313
16+14=30: 1537
3*6-5=13: 2662
8/1*7=56: 2204
38-18=20: 2090
79+02=81: 1405
3+21/7=6: 2110
037-9=28: 1540
4+8/1=12: 2231
6*9-8=46: 2585
45-38=+7: 1611
2*9/3=06: 2141
8*2-3=13: 2775
072-8=64: 1495
23+-5=18: 1571
68-10=58: 1908
78/026=3: 1695
318/53=6: 2277
90-+6=84: 1778
8*4+2=34: 2598
118/59=2: 1935
3*4-7=05: 2163
41-2=039: 1766
034-5=29: 1533
81-+79=2: 1592
6+02-3=5: 2198
380/76=5: 1852
5+6-02=9: 2242
37+23=60: 1834
9*6/2=27: 2457
61-53=+8: 1679
54-51=03: 1896
3*6+8=26: 2685
6+7-4=09: 2254
5+021=26: 1948
7+02-6=3: 2078
54/+18=3: 1697
486/54=9: 2175
2+7*4=30: 2251
7*34=238: 2577
73-64=+9: 1782
8-2+7=13: 2060
4*02-7=1: 2080
5+4-1=08: 2262
3*02-1=5: 2158
3-9+14=8: 1930
54/6-1=8: 2020
47-37=10: 2042
7+02-4=5: 2112
10-8+4=6: 2338
068/34=2: 1918
6*2/03=4: 2281
4*6/12=2: 2872
12/6+5=7: 2239
91-+85=6: 1671
7*6-3=39: 2456
41-14=27: 1937
46-9*5=1: 1885
08+17=25: 1356
91-+87=4: 1696
42-16=26: 2389
9-4+8=13: 2011
23+76=99: 1930
3*6-2=16: 2709
086/2=43: 1794
568/8=71: 2185
18/6+2=5: 2128
61-47=14: 1954
8+4-5=07: 2236
83+13=96: 1734
2+06-3=5: 2373
3*9-5=22: 2421
1*18/6=3: 2718
037-8=29: 1565
81-60=21: 1683
48+45=93: 1625
45+48=93: 1608
2+014=16: 1643
8+6/1=14: 2222
42-6*7=0: 2065
8*8/4=16: 2741
4+05-2=7: 2223
4+3-02=5: 2325
57-20=37: 1946
90-77=13: 1881
96-46=50: 1959
78-28=50: 1936
198/66=3: 2271
1*12-8=4: 2238
5+4-6=03: 2315
87/29=03: 1323
14-9+3=8: 2111
20*1/4=5: 2187
84-30=54: 1868
4*5-4=16: 2518
52-31=21: 1917
29+58=87: 1817
5+9-8=06: 2129
22-018=4: 2015
6*4-16=8: 2688
6*4/8=03: 2306
7+03-2=8: 2137
77+15=92: 1751
51-35=16: 1904
47-46=01: 1969
24-21=03: 1725
68+19=87: 1812
4*67=268: 2669
79+04=83: 1409
3+5*1=08: 2318
342/38=9: 2199
45-30=15: 1868
3+021=24: 1889
2*9+6=24: 2307
027-8=19: 1504
24-8*3=0: 2201
5*6-8=22: 2519
7*36=252: 2649
37+13=50: 1861
22-14=08: 1736
2*3/1=06: 2392
4*8+0=32: 1984
6*4/12=2: 2856
61-2=059: 1787
7+4-03=8: 2203
62-50=12: 1839
60-52=+8: 1911
8*3/06=4: 2325
6*5-8=22: 2524
3*02/1=6: 2288
4+5-02=7: 2262
212/53=4: 2188
12+82=94: 1735
4*+07=28: 1909
6*53=318: 2433
27*1/9=3: 1850
9*18=162: 2433
5+8-9=04: 2147
2+9-8=03: 2158
25-7=018: 1702
6*9-6=48: 2535
50+29=79: 1990
6*9-54=0: 2291
42-08=34: 2001
7*2-13=1: 2578
9+2-08=3: 2216
5*43=215: 2621
028+7=35: 1559
47-17=30: 2064
42-33=09: 1875
2*83=166: 2726
18/2-5=4: 1946
10+53=63: 1995
90-+3=87: 1761
7+5-03=9: 2243
8+6-9=05: 2225
204/4=51: 2318
72-3=069: 1605
60-+1=59: 1738
2*8-14=2: 2700
045-6=39: 1543
4+8*4=36: 2645
31-24=+7: 1809
072/4=18: 1717
6*3-3=15: 2584
9+02-6=5: 2107
6+012=18: 1657
315/7=45: 2175
62-23=39: 2055
9+02-7=4: 1974
7*5-7=28: 2720
2*03/1=6: 2378
44-06=38: 1945
5+6-7=04: 2222
5*7-2=33: 2601
546/91=6: 2250
47-39=+8: 1604
5*7-3=32: 2488
41+19=60: 1646
2+6-03=5: 2289
39+48=87: 1799
7*9-60=3: 2124
81+-76=5: 1690
44-32=12: 2286
7+4-6=05: 2285
6+023=29: 1818
3+9-07=5: 2202
24/6-1=3: 2204
7+4-5=06: 2272
4*96=384: 2627
78-38=40: 1999
50+14=64: 1877
36-10=26: 2000
24+16=40: 1932
35-31=04: 1774
5+04-3=6: 2199
09+36=45: 1283
6*3-4=14: 2743
6*3/18=1: 2582
5*6+1=31: 2446
68+4=072: 1774
56-11=45: 1845
19-8*2=3: 1940
6*2-9=03: 2134
12*08=96: 1338
69-29=40: 1967
6+4-08=2: 2224
08+37=45: 1266
3+4*1=07: 2337
54-11=43: 1738
51-18=33: 1971
73-20=53: 1856
2+5-4=03: 2261
4+7-6=05: 2270
042-7=35: 1522
8/32*4=1: 2329
38-20=18: 1882
2+7-03=6: 2161
3+024=27: 1809
20+47=67: 2003
1/4*28=7: 2249
49-39=10: 2023
5*3-9=06: 2150
5+3*1=08: 2327
3*26=078: 2167
11+29=40: 1758
45-21=24: 2126
64-50=14: 1830
6+5-9=02: 2230
52-46=06: 2094
13-8/2=9: 2104
92*5=460: 2123
38-32=06: 1851
8*9-70=2: 2054
9-12+6=3: 2343
4*3/06=2: 2307
5*6-4=26: 2613
12+77=89: 1833
9*7-0=63: 2078
75-15=60: 1929
5+2-4=03: 2298
24-18=+6: 1559
20-+7=13: 1763
57-10=47: 1965
5+04-2=7: 2183
90-69=21: 2066
10+47=57: 2013
7/63*9=1: 2232
6*5-2=28: 2476
50+-1=49: 1833
061-3=58: 1495
1*24/4=6: 2794
10+62=72: 1854
046-7=39: 1519
2*7-3=11: 2289
18/3-2=4: 1938
9/36*4=1: 2383
2*5-3=07: 2169
82-24=58: 2208
4*02-5=3: 1984
58+3=061: 1841
9*02/3=6: 2097
20+-17=3: 1884
61-8*7=5: 1916
2+9-04=7: 2139
6/1*9=54: 2088
8-12/3=4: 2305
3*4-5=07: 2162
32-8*4=0: 2225
5+06-2=9: 2265
50-+41=9: 1972
219/73=3: 2330
42-034=8: 2086
70-+1=69: 1670
047-9=38: 1516
3*18=054: 2310
2*09/3=6: 2454
98-85=13: 1669
3+4-1=06: 2225
61-44=17: 1948
068/4=17: 1697
66-18=48: 2575
7*45=315: 2652
98/+14=7: 1819
7+2-03=6: 2191
2*04-5=3: 2094
3+8-04=7: 2209
062-54=8: 1703
71+28=99: 1890
2*04/8=1: 2367
5+6-4=07: 2271
7+9*1=16: 2328
20/4+1=6: 2303
6*9/2=27: 2430
8*2-5=11: 2318
5*2-04=6: 2180
1/6*54=9: 2196
14+16=30: 1515
5+012=17: 1696
91-+6=85: 1591
04+68=72: 1330
8*31=248: 2781
47-38=+9: 1620
4+07-3=8: 2262
760/8=95: 1563
6*9/27=2: 2660
54-53=01: 1971
6+8-1=13: 2250
1+047=48: 2005
1/7*63=9: 2196
8*3+0=24: 2106
03+59=62: 1314
2*6-3=09: 2139
7*4-7=21: 2872
029+8=37: 1545
17+33=50: 1893
3-7+12=8: 2016
81-13=68: 2040
06+47=53: 1325
2*17=034: 2326
8*4-31=1: 2509
4+017=21: 1815
1+046=47: 2010
9/1*8=72: 2068
30/5+2=8: 2294
50+26=76: 1898
7*61=427: 2807
5*4/2=10: 2476
6+7*1=13: 2422
2*7-8=06: 2125
8*01-2=6: 2050
6+7-5=08: 2199
036/2=18: 1741
8*34=272: 2621
3+015=18: 1625
23-4=019: 1624
77+18=95: 1838
6+7-13=0: 2373
26+73=99: 1868
7*1-3=04: 2235
1/9*27=3: 2244
6*5-4=26: 2702
86+12=98: 1801
4+9-1=12: 2317
10+3-8=5: 1879
6+7-04=9: 2214
27+-9=18: 1594
504/6=84: 2317
37+5=042: 1822
9*3-5=22: 2470
36/4-7=2: 1972
48+3=051: 1843
7+8-10=5: 2199
20+-6=14: 1788
072-4=68: 1497
8+4-0=12: 2130
259/7=37: 2202
5+013=18: 1625
26+71=97: 1903
3+9-4=08: 2244
062-9=53: 1589
49-19=30: 2064
25+74=99: 1894
08+19=27: 1439
78/06=13: 1460
49-41=08: 1829
30/+2=15: 1918
086/43=2: 1962
24+46=70: 1857
8*2/16=1: 2707
7+2-1=08: 2229
36+5=041: 1904
32/8+1=5: 2322
21+29=50: 1891
3+4/2=05: 2287
1/8*72=9: 2115
9-12+7=4: 2313
25-21=04: 1680
1*20/4=5: 2726
29+21=50: 1760
94-20=74: 1697
16+79=95: 1826
3*06/9=2: 2275
8+2-3=07: 2225
30+17=47: 2105
8*01/2=4: 2233
8+6-1=13: 2308
64-61=03: 1965
73-69=+4: 1713
23+-9=14: 1622
387/43=9: 2232
04+58=62: 1274
49-42=07: 1871
4*3-10=2: 2319
41-12=29: 1775
47+48=95: 1613
5+18/9=7: 2315
4+9*1=13: 2364
56-48=08: 2052
7*92=644: 2565
8*3+2=26: 2535
20+-4=16: 1832
7*8-3=53: 2552
235/5=47: 2077
8*12=096: 2081
90-15=75: 1885
4*8-31=1: 2442
16/2-3=5: 2008
6+2-03=5: 2317
36/4-8=1: 2030
4*9-4=32: 2498
3+9-05=7: 2234
7+8-15=0: 2360
57-49=+8: 1585
8*6+2=50: 2221
9*2-1=17: 2225
8+2-7=03: 2210
09+47=56: 1277
5+9-4=10: 2251
3+012=15: 1735
74-50=24: 1848
3*67=201: 2532
6*6-9=27: 2548
4+8-9=03: 2223
4+9-06=7: 2190
7+014=21: 1841
51-15=36: 1923
2+016=18: 1620
58-33=25: 2389
69-49=20: 2023
8*2-12=4: 2588
7+6-5=08: 2236
8/1*9=72: 2088
90-+87=3: 1860
9*57=513: 2673
3/7*21=9: 2316
34-21=13: 1861
3+8-05=6: 2208
13-8+4=9: 2168
5+02-3=4: 2103
063-4=59: 1537
5+8-4=09: 2198
15+73=88: 1778
35/7+1=6: 2184
2+09-3=8: 2407
243/81=3: 2225
10+39=49: 2063
52/4-7=6: 2032
44-08=36: 1946
11+49=60: 1679
5+027=32: 1874
05+36=41: 1322
048/16=3: 1943
046-9=37: 1523
81/03=27: 1606
26+65=91: 1745
243/3=81: 2056
026-17=9: 1768
3+07-2=8: 2294
279/9=31: 2161
189/63=3: 2244
50+34=84: 1845
50+36=86: 1917
3*78=234: 2721
7*58=406: 2553
24/6*2=8: 2537
23+-19=4: 1615
81+-79=2: 1593
388/97=4: 2343
9/63*7=1: 2257
10-5+3=8: 2181
025-16=9: 1869
5+9-1=13: 2243
9*2-7=11: 2252
9+4-13=0: 2405
025-17=8: 1775
1*06/2=3: 2443
52-3=049: 1633
5*6/1=30: 2329
42*3=126: 2437
9/18*6=3: 2583
8+034=42: 2028
6*7-9=33: 2477
7*3-20=1: 2358
329/47=7: 2451
69+18=87: 1866
45-10=35: 1949
36-28=08: 2044
40-+39=1: 1826
95*4=380: 2155
3*2+4=10: 2320
8*3/04=6: 2331
1/3*24=8: 2254
79+06=85: 1323
194/2=97: 2157
052-3=49: 1545
8+2-04=6: 2273
57-30=27: 1989
7+6-8=05: 2277
8*9-0=72: 1906
029+6=35: 1605
02+39=41: 1347
6*5/1=30: 2331
67-17=50: 1989
3+8-06=5: 2186
91+-6=85: 1566
76*5=380: 2178
5+4-02=7: 2261
29+68=97: 1883
6+3-07=2: 2198
34+65=99: 1877
6*1+02=8: 2236
7+05-3=9: 2232
045-9=36: 1517
9+3-07=5: 2267
44-39=05: 1872
232/58=4: 2041
10+5-7=8: 1986
2+9-08=3: 2169
15-8+2=9: 2169
28-21=07: 1659
6+7-8=05: 2239
32/8+5=9: 2250
53-47=+6: 1591
061-8=53: 1510
20+59=79: 2071
48/16=+3: 1678
6+8-3=11: 2249
7+021=28: 1867
9+2-4=07: 2256
51-47=04: 2016
9*2-6=12: 2530
6+9-7=08: 2146
4*7-26=2: 2745
68-46=22: 2254
2-8+13=7: 2021
3*7-0=21: 2185
47-42=05: 1864
42-36=06: 2064
33+27=60: 1897
3+016=19: 1690
24/3-1=7: 2087
392/8=49: 2274
5*8-7=33: 2468
57-48=+9: 1625
31-29=02: 1958
513/9=57: 2121
10*3/5=6: 2130
3*5-7=08: 2129
2+07-5=4: 2348
7*26=182: 2614
9*6-0=54: 1986
60+23=83: 1858
43+56=99: 1872
7*2-5=09: 2112
60+14=74: 1913
052-9=43: 1575
3*5-6=09: 2211
1*8/04=2: 2299
8*1-3=05: 2214
2*8-1=15: 2196
6*3-5=13: 2625
57/+19=3: 1650
91+-7=84: 1547
81-30=51: 1530
9*8-0=72: 1902
96-26=70: 1882
7+4-09=2: 2141
63/9*1=7: 2182
369/9=41: 2068
42-5=037: 1692
4*4+2=18: 2637
6+5-2=09: 2252
6+9*2=24: 2467
57-22=35: 2235
75+19=94: 1753
73-10=63: 1884
760/95=8: 1778
6*2-5=07: 2214
69-59=10: 2067
178/2=89: 1988
672/84=8: 2438
8*6/3=16: 2802
09+38=47: 1361
71-40=31: 1576
58-23=35: 2334
6+038=44: 2087
94-74=20: 1942
2*06-7=5: 2229
27*03=81: 1439
9+4-1=12: 2365
84-74=10: 1965
9+3-12=0: 2501
79+16=95: 1779
70+24=94: 1751
66-48=18: 2511
056-7=49: 1526
79+05=84: 1352
79+13=92: 1807
4*3-5=07: 2175
3+8/2=07: 2200
20+45=65: 1957
53-52=01: 2057
68*3=204: 2098
3*015=45: 2270
7*1-2=05: 2248
2+9-06=5: 2236
08+49=57: 1298
57-40=17: 1914
48-47=01: 1924
8+4/1=12: 2302
91-+7=84: 1547
10+2-3=9: 1914
74-60=14: 1870
8-42/6=1: 2278
91+-4=87: 1639
3*5-9=06: 2168
23-6=017: 1664
2*7-11=3: 2466
53-35=18: 2247
4+1*2=06: 2304
3*16/6=8: 2924
5*2-06=4: 2174
063-9=54: 1506
4+6/02=7: 2256
11+59=70: 1670
432/48=9: 2184
5+014=19: 1693
189/7=27: 2081
5*3-8=07: 2193
50-6*7=8: 1945
4+6*3=22: 2534
75-9*8=3: 1820
6+05-2=9: 2234
27+-19=8: 1597
20+43=63: 1900
07+46=53: 1364
2*06-5=7: 2279
4+5-1=08: 2292
3*62=186: 2696
98/+7=14: 1674
30+-9=21: 1860
1+027=28: 1830
4*58=232: 2628
6+3-5=04: 2242
33+17=50: 1911
031-5=26: 1604
24/+03=8: 1914
522/87=6: 2198
054/3=18: 1724
9+4-10=3: 2282
04+27=31: 1317
65*2=130: 2195
21+77=98: 1882
6+5-7=04: 2262
9-3+8=14: 1964
3+026=29: 1808
40+-39=1: 1834
40+39=79: 2043
6+7-10=3: 2222
2*05-3=7: 2153
24+36=60: 1945
5+4-03=6: 2256
7-12+9=4: 2268
34*5=170: 2255
8*93=744: 2589
4*94=376: 2533
45-14=31: 1902
3+20/4=8: 2512
177/3=59: 2026
2+9-05=6: 2242
15/3+2=7: 2033
392/4=98: 2169
4+6-08=2: 2235
9+4-06=7: 2250
7+6-13=0: 2385
8*5-2=38: 2756
07+18=25: 1386
05+26=31: 1391
3*5-2=13: 2797
4+015=19: 1698
37-32=05: 1862
6+3-01=8: 2218
2+6/01=8: 2318
4+8-3=09: 2208
5+9-06=8: 2146
78+18=96: 1860
1*4+2=06: 2167
9+2-05=6: 2307
40+19=59: 2025
312/39=8: 2275
96/+8=12: 1619
5+07-4=8: 2269
9+2-06=5: 2327
3*5-3=12: 2731
63-10=53: 1850
4+8*7=60: 2183
4*5-11=9: 2365
6-12+9=3: 2305
2+05-3=4: 2262
10-6/3=8: 2219
1*40/5=8: 2618
60-+51=9: 1865
3+8-07=4: 2232
90+-7=83: 1771
63-59=+4: 1595
50-7*6=8: 2031
16+77=93: 1800
18-012=6: 1671
32/4-7=1: 2091
7+012=19: 1710
041-9=32: 1553
9*3-4=23: 2638
6*4-18=6: 2822
5*83=415: 2541
49+3=052: 1788
7+02-5=4: 2109
63-20=43: 1888
7/1*8=56: 2184
20+58=78: 2061
78-48=30: 2004
047-8=39: 1529
7+6-04=9: 2240
30+46=76: 1959
86-16=70: 1956
4/18*9=2: 2565
16+76=92: 1818
72/6-3=9: 2025
3*05-9=6: 2091
3*6-6=12: 2704
3*5-14=1: 2530
21-14=07: 1602
85+07=92: 1299
4+9-07=6: 2170
9*2-4=14: 2738
20/4*1=5: 2230
41-37=04: 2004
2*8/16=1: 2672
76/+19=4: 1677
73-9*8=1: 1849
034*2=68: 1649
07+49=56: 1286
41-39=+2: 1728
21+76=97: 2071
4+038=42: 1984
6*03/2=9: 2187
5*4-11=9: 2342
18-016=2: 1752
20+53=73: 1954
36-34=02: 1836
54-13=41: 1849
9*4-8=28: 2839
30+56=86: 1994
60+31=91: 1584
37-31=06: 1832
90+-3=87: 1780
258/86=3: 2318
6*6-7=29: 2557
6+8-5=09: 2144
6+5-03=8: 2181
056-9=47: 1540
4*93=372: 2412
9+04-7=6: 2156
4*1+02=6: 2253
023-17=6: 1828
1*6+02=8: 2162
8*7-0=56: 2014
1*8+6=14: 2130
48-02=46: 1896
27-21=06: 1684
5*4-6=14: 2510
81-63=18: 2110
51-44=07: 1975
9+5-8=06: 2205
8+014=22: 1996
018+5=23: 1672
40+16=56: 2013
4/12*9=3: 2318
71-2=069: 1758
36/9+4=8: 2259
2+4/01=6: 2297
4*9-8=28: 2757
82-61=21: 1921
2*013=26: 1972
6*6+2=38: 2551
38-31=07: 1771
67-57=10: 2014
78-58=20: 2047
48/6-3=5: 2048
3*8+3=27: 2533
8*78=624: 2823
19+68=87: 1878
6*9-50=4: 2122
16-012=4: 1642
2+07-6=3: 2329
2+8*4=34: 2718
4*8+6=38: 2693
432/54=8: 2219
027+9=36: 1569
64/8+1=9: 2212
3*+08=24: 1930
5*4-4=16: 2476
7*5-8=27: 2824
24+75=99: 1852
82-73=+9: 1742
5+3-1=07: 2284
82-10=72: 1787
9+5-6=08: 2217
63-40=23: 1950
7+8-9=06: 2165
52-04=48: 1925
035-8=27: 1549
44-21=23: 2110
3*6/9=02: 2204
7+6-10=3: 2236
728/91=8: 2272
8+7-5=10: 2300
4*88=352: 2751
1/3*27=9: 2312
4+03-5=2: 2190
1*4+02=6: 2136
42-038=4: 2195
2*5-7=03: 2170
9+04-6=7: 2191
10+3-7=6: 1879
79-59=20: 2112
56-41=15: 1785
85-25=60: 1934
6+2*9=24: 2417
4+9-10=3: 2211
78/+39=2: 1636
10/2+3=8: 2202
2*04-7=1: 2180
2*76=152: 2690
8+018=26: 2267
9+2-04=7: 2209
54-12=42: 2284
5*03-6=9: 2046
3*6/2=09: 2237
42-7*6=0: 2159
8+6*3=26: 2817
6+05-3=8: 2198
70-+61=9: 1846
71-17=54: 2040
82-50=32: 1783
48-042=6: 2140
6+5-02=9: 2254
8*8/1=64: 2678
71-3=068: 1748
4*5-6=14: 2570
1*2+06=8: 2184
78-10=68: 1930
076/2=38: 1679
87-27=60: 2024
1+028=29: 1935
96*5=480: 2138
8+5*1=13: 2457
4+06-8=2: 2240
3*83=249: 2446
60+-1=59: 1785
38-10=28: 2012
91-30=61: 1560
8*17=136: 2362
9+3-05=7: 2315
2*18/6=6: 3264
9*6-8=46: 2554
9+4-07=6: 2214
56-52=04: 1965
7*6-41=1: 2460
69-19=50: 2034
3+8-09=2: 2132
78/039=2: 1640
4+7-09=2: 2140
13+37=50: 1916
3+08-5=6: 2410
20*1/5=4: 2203
75-35=40: 1984
2*48=096: 2216
18+5=023: 1743
9*8-4=68: 2655
82-44=38: 2415
49-43=06: 1906
5+017=22: 1996
52/4-6=7: 2070
67-20=47: 1976
8-2+9=15: 2056
32*4=128: 2396
3*021=63: 2167
29+5=034: 1814
2*5-1=09: 2309
5*3-14=1: 2488
9*2+6=24: 2387
42-39=03: 1951
27-23=04: 1647
13-9+2=6: 2196
61-52=+9: 1743
3+6-01=8: 2206
8*1-02=6: 2221
9-5+8=12: 2036
8+2-06=4: 2278
4+5-6=03: 2335
8*44=352: 2480
59-19=40: 2043
8+6-3=11: 2324
552/8=69: 2158
58-51=07: 1873
026+9=35: 1586
4+5-03=6: 2292
096/2=48: 1700
9+3-4=08: 2315
8*2-14=2: 2680
21-17=04: 1553
13-9+4=8: 2148
30-+29=1: 1930
4*02/8=1: 2275
92-52=40: 1831
4+3*1=07: 2359
234/39=6: 2298
05+18=23: 1383
57/019=3: 1711
47-23=24: 2071
8*8/16=4: 2840
50-43=+7: 1884
4*2-03=5: 2242
2+6-05=3: 2320
6+036=42: 2113
2*8-3=13: 2701
2*1+06=8: 2250
56/8+2=9: 2207
1*06+2=8: 2305
90-+7=83: 1749
1*6-4=02: 2195
6+02-5=3: 2205
08+54=62: 1293
71-30=41: 1583
5+02-4=3: 2115
54/9*1=6: 2133
62-3=059: 1631
28-4*6=4: 2455
30+61=91: 1678
90-75=15: 1965
5*9-6=39: 2679
7+2-06=3: 2262
35+64=99: 1941
30+54=84: 1973
348/58=6: 2273
30+49=79: 2090
4+8-05=7: 2209
9+03-7=5: 2135
8*1-06=2: 2275
4*1+2=06: 2245
8*84=672: 2522
8*01/4=2: 2238
584/73=8: 2393
70+-1=69: 1713
18/3-4=2: 2008
09+53=62: 1307
1*20/5=4: 2726
52-47=05: 2006
70+14=84: 1951
018+7=25: 1734
2*7-0=14: 2032
10+46=56: 1986
34-5=029: 1686
4*91=364: 2554
5+8-04=9: 2201
7*8-56=0: 2293
71-63=+8: 1740
44-35=09: 1882
7+06-4=9: 2234
14+79=93: 1848
36-4*9=0: 2022
5+041=46: 2012
68-50=18: 1934
7+5-04=8: 2228
18+77=95: 1819
045-8=37: 1542
08+59=67: 1301
86-22=64: 2111
5+3/1=08: 2198
5*8/1=40: 2343
6+3-8=01: 2244
19-7*2=5: 1862
6+07-4=9: 2302
5+9-3=11: 2247
2+7-06=3: 2225
7*6-5=37: 2740
3+06-7=2: 2221
22-18=04: 1744
9+4-2=11: 2414
26*5=130: 2271
3+8*3=27: 2625
053-7=46: 1587
9*47=423: 2604
051-9=42: 1579
70/+2=35: 1757
87-37=50: 2038
82-41=41: 1929
10-3+2=9: 2174
3+4/1=07: 2254
28/7+1=5: 2211
50+19=69: 2089
6*13=078: 2125
3+6-07=2: 2191
2-7+13=8: 1993
41-38=03: 1983
2*016=32: 2080
9+5-1=13: 2320
06+35=41: 1294
6*1/3=02: 2387
042-5=37: 1554
07+38=45: 1312
3*8-6=18: 2645
08+53=61: 1323
71-54=17: 2137
7+8*1=15: 2360
6+4-03=7: 2263
2*9+8=26: 2315
10+3-4=9: 1880
79-29=50: 1992
32/+04=8: 1920
7/28*4=1: 2539
2+017=19: 1628
8*22=176: 2376
4*5/2=10: 2457
9*3-3=24: 2526
23-7=016: 1726
3*04-5=7: 2119
08+43=51: 1314
6/14*7=3: 2382
28-25=03: 1627
41-6=035: 1777
7*6+2=44: 2606
5*02-3=7: 1986
185/37=5: 2188
72-51=21: 1934
024-19=5: 1796
51-49=+2: 1697
8*3-3=21: 2695
9+03-5=7: 2156
43+55=98: 1629
41-19=22: 1822
4+3*2=10: 2460
10+3-6=7: 1887
96/+48=2: 1719
5*2-9=01: 2290
4+023=27: 1797
073-4=69: 1604
12-9+5=8: 2166
073-9=64: 1567
6*3/9=02: 2228
39-29=10: 2023
45-42=03: 1911
062-3=59: 1521
4+4*3=16: 2711
2+8*6=50: 2278
1+023=24: 1863
4*74=296: 2528
21-014=7: 1937
3*43=129: 2586
10+68=78: 2112
6*02-5=7: 2055
10-4+3=9: 2177
82+17=99: 1798
30/6+4=9: 2293
8+028=36: 2175
7/14*6=3: 2390
6+015=21: 1908
4+6-03=7: 2265
6-24/8=3: 2329
6+2-05=3: 2359
4*10/5=8: 2654
3+4-05=2: 2296
3*2-5=01: 2264
4*6-16=8: 2645
21/7+6=9: 2281
81-50=31: 1576
3*4/1=12: 2384
59+3=062: 1786
034-26=8: 1769
40+38=78: 1932
4+2-1=05: 2364
34+46=80: 1962
3*7-20=1: 2323
76/038=2: 1611
1*6+8=14: 2095
3/24*8=1: 2431
48-45=03: 1927
08+64=72: 1336
5+016=21: 1938
30/+15=2: 2084
7+9-6=10: 2160
29-21=08: 1735
92-30=62: 1742
3*6+6=24: 2590
72-25=47: 2345
34-8=026: 1828
1+8-3=06: 2226
5+7-08=4: 2143
3+8/4=05: 2249
7+2-8=01: 2239
62-29=33: 2122
34-23=11: 1868
8*33=264: 2542
285/3=95: 2079
68+22=90: 1757
7+06-5=8: 2306
3*7-3=18: 2530
273/91=3: 2283
3*73=219: 2554
32-04=28: 1830
019+7=26: 1663
7+04-8=3: 2201
+34*2=68: 1922
26+34=60: 1901
6+9-5=10: 2239
1+6/2=04: 2211
4+8-07=5: 2186
3*7+3=24: 2586
026-19=7: 1808
53-46=+7: 1608
438/73=6: 2219
8+038=46: 2172
03+49=52: 1274
10+5-8=7: 1973
2*6-7=05: 2204
32-024=8: 2113
27/9*1=3: 2233
27+-8=19: 1637
3*5-11=4: 2376
8+03-5=6: 2135
9+4*1=13: 2427
049+7=56: 1525
8+3-09=2: 2189
1+045=46: 1990
35-6=029: 1727
6+021=27: 1889
8+03-4=7: 2135
2+06-5=3: 2387
87/03=29: 1447
4*2+6=14: 2805
1/9*72=8: 2056
98/07=14: 1439
3*014=42: 2078
2-7+14=9: 1947
66+14=80: 2006
6*7-3=39: 2465
54/9+2=8: 2213
7+05-4=8: 2179
68/2=034: 1740
8+54=062: 2139
75-23=52: 2213
36/2=018: 1757
2*10/4=5: 2759
63-62=01: 2182
6+4*2=14: 2879
574/7=82: 2257
051-2=49: 1572
051-3=48: 1485
76/+38=2: 1658
39-19=20: 2140
061-53=8: 1780
41-35=+6: 1630
96/048=2: 1638
8+5-13=0: 2412
51+19=70: 1597
4+9-2=11: 2357
6*3+8=26: 2806
2*7-13=1: 2593
4+7-08=3: 2227
7+4-08=3: 2230
43-35=08: 1831
2*38=076: 2310
215/43=5: 2448
29+65=94: 1816
5+6-08=3: 2210
74-42=32: 2253
6+9*1=15: 2401
4+025=29: 1830
6+5-4=07: 2315
096/12=8: 1951
59-53=06: 1910
2+05-4=3: 2245
6*7-41=1: 2480
16/2-5=3: 2042
91-+5=86: 1537
5*8-3=37: 2455
3+5-1=07: 2305
13+75=88: 1785
44-036=8: 2191
4*3/1=12: 2373
546/6=91: 2100
7+2-04=5: 2254
1*04+2=6: 2234
6*02-7=5: 2009
42/7-1=5: 2232
13+83=96: 1894
549/61=9: 2364
39-32=07: 1859
558/62=9: 2285
59-49=10: 2032
4*9-7=29: 2669
70+-9=61: 1693
7+025=32: 1937
9+3-10=2: 2366
78-60=18: 1953
027+8=35: 1598
2*7-9=05: 2123
6*6/2=18: 2742
8+4-9=03: 2280
27+33=60: 1924
26-21=05: 1704
1*8-02=6: 2202
234/78=3: 2309
26-17=+9: 1579
50+42=92: 1774
3+6-04=5: 2273
2*9-1=17: 2190
5+9-08=6: 2135
041-2=39: 1555
6*5+1=31: 2503
74-69=+5: 1653
9+7-6=10: 2221
53-18=35: 2434
24/6-3=1: 2208
10+2-7=5: 1901
57-25=32: 2217
9*6-54=0: 2331
2*6/04=3: 2323
09+25=34: 1208
68*4=272: 2417
09+48=57: 1338
352/88=4: 2400
78-20=58: 1883
+16*3=48: 2051
12-4+0=8: 2132
7*9-7=56: 2560
2*9/03=6: 2195
5+3-06=2: 2325
2+013=15: 1699
10+54=64: 1939
6/18*9=3: 2541
3*024=72: 1890
61-58=+3: 1732
2+5-03=4: 2250
058+4=62: 1542
6+03-7=2: 2096
7*2-08=6: 2187
72/6-8=4: 2052
3+9-04=8: 2190
45-43=02: 1861
612/68=9: 2339
31-26=+5: 1815
03+69=72: 1362
33-26=07: 1838
3+5/1=08: 2229
378/54=7: 2408
9*6-6=48: 2543
5+6/02=8: 2283
9+2-07=4: 2165
3+6*1=09: 2276
03+58=61: 1391
1*6+2=08: 2171
86-24=62: 2214
41-36=+5: 1667
82-70=12: 1881
71-69=+2: 1776
40*1/5=8: 2125
49-30=19: 1928
59-20=39: 1980
2+8-03=7: 2159
87-67=20: 2177
40-31=+9: 1865
774/9=86: 2216
5+6-04=7: 2266
3+04-5=2: 2217
2+7-04=5: 2207
053-6=47: 1625
9*7-60=3: 2207
061-9=52: 1517
70+21=91: 1570
94-64=30: 2003
7*3/1=21: 2640
8+4-3=09: 2262
308/7=44: 2296
93-23=70: 1815
6+04-3=7: 2203
83+16=99: 1857
37-27=10: 1977
336/48=7: 2347
32-+24=8: 2304
32*5=160: 2312
034/2=17: 1824
016+9=25: 1717
5+3-7=01: 2279
84-50=34: 1905
42+38=80: 2040
6*73=438: 2583
3+7-04=6: 2216
5+028=33: 1974
06+19=25: 1367
016*3=48: 1727
068/17=4: 1918
24-23=01: 1766
86+07=93: 1301
49-10=39: 1986
21/7+3=6: 2265
5*8+2=42: 2549
72/4=018: 1782
31-7=024: 1942
35-10=25: 1992
34-11=23: 1927
7*47=329: 2761
31-27=+4: 1764
8+036=44: 2077
05+19=24: 1350
48/6-7=1: 2098
70-68=+2: 1898
2+7-05=4: 2226
8+5-7=06: 2281
8+26=034: 2204
73-50=23: 1975
73-60=13: 1926
86-30=56: 1884
31-23=08: 1930
8*7+4=60: 2202
18/9+4=6: 2226
8+9*2=26: 2533
60+18=78: 2097
273/3=91: 2034
19+61=80: 1704
8*2-9=07: 2091
6*1+2=08: 2246
70+12=82: 1874
2*7-06=8: 2149
9*4-4=32: 2509
1/8*56=7: 2234
49-47=02: 1814
6+042=48: 2002
28+7=035: 1843
13+79=92: 1885
049+3=52: 1525
145/5=29: 1963
91+-5=86: 1522
10-8/2=6: 2365
7+04-9=2: 2091
5+8-1=12: 2255
7*8-1=55: 2592
47-10=37: 2007
16-014=2: 1669
10-7+5=8: 2382
16/8+3=5: 2149
86+13=99: 1794
5+4-8=01: 2280
50+41=91: 1658
28+71=99: 1873
9+6-5=10: 2292
5+04-7=2: 2152
3*9+0=27: 1967
74-65=+9: 1672
2*027=54: 1819
5+07-3=9: 2339
43+27=70: 2011
5+03-6=2: 2222
6+9-1=14: 2200
53-21=32: 2224
6*7+2=44: 2587
6*2+4=16: 2844
018*2=36: 1730
4*+08=32: 1950
4+9-13=0: 2354
049+2=51: 1569
10+29=39: 2104
86/43=+2: 1659
6+04-8=2: 2157
041-35=6: 1779
10/4*2=5: 2245
7-4*1=03: 2220
2*6-5=07: 2217
30-21=+9: 1899
8+5-10=3: 2268
026+5=31: 1691
20+19=39: 2115
76-40=36: 1915
276/69=4: 2192
738/9=82: 1969
5*3-11=4: 2323
51-48=+3: 1663
5*8-8=32: 2573
3+014=17: 1711
2+6/03=4: 2258
40+36=76: 1961
2+10-4=8: 2534
2+9-07=4: 2095
4*9-32=4: 2654
7*74=518: 2635
68-9*7=5: 1813
2*10/5=4: 2764
8*5/1=40: 2396
2+015=17: 1719
7+1-3=05: 2247
37-17=20: 2070
07+19=26: 1373
18-12=06: 1356
7+027=34: 2109
4+5-07=2: 2241
7*3-4=17: 2910
8+3-04=7: 2226
66-28=38: 2542
6*02-9=3: 1938
9*27=243: 2535
8*67=536: 2784
5-3*1=02: 2312
50+17=67: 2000
6*4/08=3: 2310
4+05-7=2: 2222
135/27=5: 2348
43-12=31: 1994
1+037=38: 1997
2*07-5=9: 2195
073-5=68: 1575
9*8-1=71: 2308
3+7-06=4: 2220
2*1+04=6: 2241
20+17=37: 2099
5*3-2=13: 2751
2*4-7=01: 2220
07+24=31: 1354
9*3-2=25: 2452
8/24*3=1: 2389
2+08-3=7: 2360
5*8/4=10: 2333
20+63=83: 1978
20+56=76: 1988
2+6*6=38: 2688
26+8=034: 1909
63-37=26: 2366
12+18=30: 1630
59-30=29: 2023
5+4-01=8: 2231
92-40=52: 1745
2*029=58: 1726
4+6-1=09: 2225
8+03-9=2: 2114
9*2/03=6: 2260
4+6*2=16: 2897
3*6/02=9: 2288
96-56=40: 1970
8+02-3=7: 2031
6+6*3=24: 2639
78*5=390: 2184
42-+4=38: 2195
3*9-2=25: 2392
082-9=73: 1554
6*6-1=35: 2616
2*9-6=12: 2498
024+7=31: 1718
25-6=019: 1636
4*6-18=6: 2759
9+5-3=11: 2324
26-19=+7: 1614
24-2*9=6: 2110
7*2+1=15: 2368
6+9-8=07: 2185
9*2+8=26: 2385
06+25=31: 1327
53-31=22: 2235
30+48=78: 2016
8+7-10=5: 2273
8+3-07=4: 2262
5*6/3=10: 2354
4+3-6=01: 2316
28/7+5=9: 2174
5*4/10=2: 2420
2*53=106: 2390
4*48=192: 2792
051-8=43: 1561
7*2/1=14: 2337
9*6-52=2: 2583
2*8-9=07: 2019
6*3-12=6: 2964
2+6*7=44: 2640
72-27=45: 2277
79+14=93: 1829
5+2-03=4: 2255
7+06-9=4: 2204
2*05-7=3: 2170
9-24/8=6: 2225
3*66=198: 2696
078/3=26: 1678
9-6*1=03: 2221
3+06-4=5: 2298
22-04=18: 1781
35+25=60: 2004
40+51=91: 1692
145/29=5: 2392
31-25=+6: 1785
02+49=51: 1323
6*58=348: 2877
4+05-3=6: 2245
1*13-6=7: 2340
20/5*1=4: 2263
72-17=55: 2522
8*7-3=53: 2590
85+13=98: 1743
60+-9=51: 1756
8+4-07=5: 2231
8+6-0=14: 2065
84-36=48: 2404
9*02/6=3: 2126
19+76=95: 1880
27+71=98: 1825
3*04-7=5: 2080
82*2=164: 2322
29+6=035: 1872
7*02-5=9: 1918
7+2-05=4: 2269
60/+12=5: 2110
65-20=45: 1920
8+6-5=09: 2207
5+2-1=06: 2368
6+013=19: 1690
9*1-3=06: 2184
8+04-5=7: 2173
3+018=21: 1859
5+024=29: 1857
8*5-7=33: 2526
49-46=03: 1938
26-7=019: 1709
034-28=6: 1782
2*12/3=8: 2660
6+4-1=09: 2198
1+025=26: 1913
5*4+1=21: 2568
87+05=92: 1273
44-038=6: 2190
1*6-02=4: 2197
4*7+4=32: 2548
60+13=73: 1986
058+3=61: 1601
6*83=498: 2595
8*3+4=28: 2871
49+2=051: 1813
072-63=9: 1728
75-45=30: 1981
2*4-03=5: 2203
1*05-2=3: 2244
6+2/01=8: 2296
2*59=118: 2492
75-65=10: 1984
016+7=23: 1745
21-017=4: 1948
2+06/1=8: 2361
6+03-1=8: 2153
74-32=42: 2245
5+031=36: 2020
98-38=60: 1956
29-23=06: 1672
97-37=60: 2012
9+7*1=16: 2366
4*03-5=7: 2063
1*08-3=5: 2332
04+19=23: 1393
4+9-5=08: 2168
3+7*3=24: 2659
42-+8=34: 2231
8*4+0=32: 2061
44-12=32: 2338
8*4+4=36: 2577
42-+34=8: 2254
07+35=42: 1271
3+2*1=05: 2347
84-10=74: 1834
84*2=168: 2558
48-06=42: 1929
5*3-3=12: 2670
038+9=47: 1633
3+02-1=4: 2194
067-9=58: 1467
8+1-3=06: 2282
5+8-06=7: 2211
8+3-05=6: 2284
72-15=57: 2550
21+19=40: 1707
43-38=05: 1852
4+2*3=10: 2399
7*38=266: 2820
9*2/6=03: 2268
81*4=324: 2625
2+9/3=05: 2227
4+013=17: 1715
6*5/3=10: 2396
1*8-6=02: 2124
03+48=51: 1383
5+7-09=3: 2188
6*3+4=22: 2511
189/27=7: 2258
84-66=18: 2494
3*96=288: 2691
47-30=17: 1975
79-39=40: 2096
037+9=46: 1620
4*6-7=17: 2867
4+8-03=9: 2215
3*5-8=07: 2154
5+4-07=2: 2248
34-27=07: 2064
2+3*1=05: 2359
5*6-22=8: 2565
4*5+1=21: 2564
84-79=+5: 1736
8*2-11=5: 2431
15+79=94: 1865
3*8-16=8: 2846
50+-41=9: 1937
3+08-7=4: 2406
64+16=80: 2020
95-35=60: 1941
7+5-09=3: 2205
154/77=2: 2340
5*8-32=8: 2765
54*4=216: 2439
047+9=56: 1575
8*9-4=68: 2699
20/5+3=7: 2312
9*2-8=10: 2280
44-27=17: 2466
2+9/03=5: 2284
5*4+8=28: 2849
6+2-1=07: 2294
014+9=23: 1715
8*3-6=18: 2813
072-64=8: 1696
9+4-8=05: 2260
6*5-6=24: 2621
9+3-04=8: 2281
6*9-5=49: 2651
10+64=74: 1954
041-36=5: 1760
082-3=79: 1563
12*2/4=6: 2444
64/8-1=7: 2203
031-24=7: 1863
21-13=08: 1509
245/35=7: 2206
2*036=72: 1887
30/6*1=5: 2295
8+7-15=0: 2442
8+64=072: 2121
75-22=53: 2186
40/8+1=6: 2472
72/9*1=8: 2057
9+6-7=08: 2168
84/12=+7: 1654
4+10-6=8: 2488
3+4-01=6: 2209
5*3+1=16: 2302
9+5-4=10: 2325
10/5+2=4: 2321
5*5-1=24: 2587
35-20=15: 1924
60+-51=9: 1875
059+3=62: 1534
5*7-8=27: 2740
09+17=26: 1357
2*9-7=11: 2178
147/49=3: 2309
1*2+6=08: 2181
30+-29=1: 1922
2+8*5=42: 2533
91-50=41: 1610
9*4-7=29: 2809
85-15=70: 1987
2+40/8=7: 2497
8+03-6=5: 2148
025-18=7: 1793
31-28=03: 2027
85-65=20: 2075
4/36*9=1: 2406
4+3-05=2: 2299
1/9*54=6: 2127
4+2-5=01: 2326
2*9-18=0: 2376
6+8*4=38: 2746
35-34=01: 1838
5+8/1=13: 2263
52-08=44: 1985
6+7-09=4: 2178
4+5-01=8: 2256
35-7=028: 1724
4+3*8=28: 2992
8+7-9=06: 2209
74*4=296: 2451
6*3/2=09: 2259
3+5-06=2: 2292
1*8-3=05: 2113
94-30=64: 1848
53-44=09: 1917
2+04-1=5: 2284
67-59=+8: 1623
6-1*2=04: 2233
068+4=72: 1538
7+3-04=6: 2239
04+59=63: 1323
3*4/12=1: 2724
074-9=65: 1547
6*4-7=17: 2858
41-34=07: 1958
81-33=48: 2492
4*6/08=3: 2295
21/7+5=8: 2270
56/8-3=4: 2149
57*4=228: 2279
8+4-05=7: 2251
38-36=02: 1798
3*6-14=4: 2771
6+04/2=8: 2208
8+6/3=10: 2251
2+4-1=05: 2339
14-6*1=8: 2122
84-46=38: 2436
4+9-8=05: 2201
62-8=054: 1725
61-4=057: 1762
10-7+3=6: 2314
176/88=2: 2249
7+3-08=2: 2130
6*23=138: 2644
2+4*8=34: 2619
2*4/8=01: 2404
3*02-5=1: 2191
60-53=+7: 1914
5*7-7=28: 2643
3*7-8=13: 2614
8-2*1=06: 2227
2*06-9=3: 2161
02+59=61: 1365
2*6-9=03: 2129
68/34=+2: 1650
9-12/4=6: 2310
9*6-50=4: 2182
7*8-50=6: 2177
76-30=46: 1899
63-27=36: 2359
1+034=35: 1982
9+05-6=8: 2165
6*2-03=9: 2161
7+017=24: 2187
3+9-8=04: 2200
71-68=+3: 1782
50+-9=41: 1841
93-43=50: 1882
08+15=23: 1311
30*1/6=5: 2131
7*6-7=35: 2656
6+4-07=3: 2223
025+9=34: 1570
42/3-9=5: 1954
2+1*4=06: 2318
59-10=49: 1981
9+03-4=8: 2130
8*5-3=37: 2520
73-65=+8: 1691
62-33=29: 2116
2*046=92: 1863
7+5-08=4: 2187
1*8+4=12: 2160
8+5-9=04: 2262
5*6+2=32: 2634
10-6+3=7: 2222
9*5-1=44: 2665
1*2+4=06: 2181
3+046=49: 2030
3+08-4=7: 2382
33-28=05: 1820
7+5*1=12: 2421
92*3=276: 2234
30*1/5=6: 2106
91-60=31: 1644
477/9=53: 2086
3*6-12=6: 2965
2*39=078: 2323
4*5/10=2: 2411
3*7/1=21: 2607
8+15=023: 2217
27/9+3=6: 2143
54/6-2=7: 2093
83-13=70: 1884
4+07-8=3: 2298
24/8*2=6: 2654
4*71=284: 2636
2*9-11=7: 2389
9-2+8=15: 2079
3+08-6=5: 2420
3*9-24=3: 2748
60-+9=51: 1745
23-16=+7: 1710
82-34=48: 2409
9+04-5=8: 2186
10/5*2=4: 2269
69+11=80: 1610
21-013=8: 1907
6+8-05=9: 2179
32-+4=28: 2060
20+-7=13: 1815
87-57=30: 2071
3*81=243: 2657
023-19=4: 1786
2+7-1=08: 2220
2*7-5=09: 2095
1*2+04=6: 2149
6+7-05=8: 2217
66-34=32: 2350
017+9=26: 1705
43-36=07: 1949
083-9=74: 1516
5+7*1=12: 2411
108/3=36: 2138
7+4/2=09: 2197
48/3=016: 1793
2*1+6=08: 2231
1*02+6=8: 2158
32-4*7=4: 2484
5*013=65: 2210
63-36=27: 2366
2+5-04=3: 2225
5+8-07=6: 2200
3+8/02=7: 2231
1+026=27: 1919
2*5-04=6: 2219
3+08-9=2: 2338
3*6+1=19: 2266
1*05-3=2: 2268
017+8=25: 1789
47-24=23: 2018
78/26=+3: 1577
72-57=15: 2537
071-9=62: 1526
84-16=68: 2471
2*8-7=09: 2027
9+7-10=6: 2208
78-30=48: 1942
42+-8=34: 2229
64+26=90: 1905
39-31=08: 1828
2+034=36: 1961
10+37=47: 2063
09+43=52: 1249
3+04-1=6: 2209
8+5-6=07: 2301
5*8/10=4: 2341
7+03-4=6: 2090
4+031=35: 1964
6+6*2=18: 2737
4+2/01=6: 2329
16*3=048: 1869
7*1-5=02: 2231
48/3-7=9: 1984
48+42=90: 1884
6*9-52=2: 2549
98-68=30: 2044
4*03-7=5: 1997
60+38=98: 1982
73-68=+5: 1740
3*05-7=8: 2063
8+3-06=5: 2264
7+6-05=8: 2257
82-79=+3: 1720
23-8=015: 1775
082-73=9: 1754
2*3+4=10: 2360
029+5=34: 1517
4+02-1=5: 2195
6-4+8=10: 2301
3*5+7=22: 2403
423/47=9: 2284
5*84=420: 2829
9-13+6=2: 2390
38-29=09: 2008
-28+34=6: 2034
2+09-8=3: 2408
3*56=168: 2710
3+6/1=09: 2244
6+18=024: 2311
4*73=292: 2490
4/32*8=1: 2326
5+6-09=2: 2191
8+04-7=5: 2158
4+2-01=5: 2352
9+4-5=08: 2241
09+18=27: 1454
14+66=80: 2068
4+07-9=2: 2245
7*3-7=14: 2799
15+77=92: 1785
8*3-16=8: 2952
8+5-1=12: 2331
36/18=+2: 1706
86+05=91: 1301
3*10/5=6: 2712
6+8-11=3: 2333
10+59=69: 2124
60+25=85: 1928
2+045=47: 2036
32-08=24: 1828
72-55=17: 2512
037+5=42: 1594
574/82=7: 2422
7+9/1=16: 2207
6+1*8=14: 2254
039+7=46: 1581
4*43=172: 2560
5+06-9=2: 2219
061-7=54: 1508
72-46=26: 2347
14*07=98: 1291
6*03/9=2: 2148
71-24=47: 2637
6*6-32=4: 2654
6+1*2=08: 2315
7+026=33: 2036
195/65=3: 2258
26+5=031: 1964
376/47=8: 2312
10+2-5=7: 1888
78-11=67: 1939
2*9/6=03: 2206
8+044=52: 2049
21-018=3: 1938
8-3*1=05: 2234
8*9-1=71: 2306
5+7-12=0: 2426
4+08-7=5: 2358
9+8-1=16: 2310
68-61=07: 1981
1*5-3=02: 2293
9+3-8=04: 2287
9+6*1=15: 2416
91-20=71: 1560
7*3-8=13: 2579
36-7=029: 1744
8+03-7=4: 2139
048+9=57: 1604
9+5-06=8: 2191
92-21=71: 1775
7+6-09=4: 2170
8*2-7=09: 2084
7*6/21=2: 2860
1*14/2=7: 2606
56-15=41: 1921
1*02+4=6: 2144
7+4/02=9: 2227
3*6+5=23: 2663
025-19=6: 1868
9/21*7=3: 2314
09+63=72: 1363
44-23=21: 2151
53-15=38: 2335
79-49=30: 2103
7-12+8=3: 2323
80-74=+6: 2044
46*7=322: 2491
2*3-5=01: 2268
6*39=234: 2805
8*4+6=38: 2817
3+4-6=01: 2253
59+2=061: 1884
70+-61=9: 1833
3*52=156: 2656
23-17=+6: 1652
069+2=71: 1592
3+2/1=05: 2278
3+9*1=12: 2445
1*21/3=7: 2468
015+9=24: 1746
96-76=20: 2079
56-54=02: 1999
6*32=192: 2513
2*8+7=23: 2326
69-20=49: 1922
60+27=87: 2005
+18*2=36: 2069
6*8/16=3: 2798
9*5-6=39: 2806
4+4*8=36: 2584
4*7-7=21: 2813
76-50=26: 1950
9-14+7=2: 2370
68-32=36: 2342
038+7=45: 1582
8+7*1=15: 2418
70-+9=61: 1701
7+6-1=12: 2318
18+12=30: 1591
9*2/1=18: 2314
39-37=02: 1844
2/8*24=6: 2836
27-24=03: 1649
4+20/5=8: 2545
72/8-3=6: 2122
47-45=02: 1855
92-60=32: 1815
1*13-7=6: 2276
22-08=14: 1804
8+6-11=3: 2391
6*2/04=3: 2299
9+6-1=14: 2255
87+06=93: 1345
6+5-08=3: 2197
584/8=73: 2311
2*9-10=8: 2274
6+1-3=04: 2232
6+9-4=11: 2270
7+6/1=13: 2340
2*09/6=3: 2489
3+9-10=2: 2244
54/6-8=1: 2045
1*12-3=9: 2354
9+5-08=6: 2187
64-63=01: 2058
7+9-10=6: 2155
071-3=68: 1502
5*03-9=6: 2002
3*8-7=17: 2817
5+2-04=3: 2281
3+05-6=2: 2303
5+9*1=14: 2288
6+3-04=5: 2265
7+015=22: 2027
5*6-6=24: 2571
6+041=47: 2001
4*01+2=6: 2119
10+2-9=3: 1897
06+17=23: 1357
56/7+1=9: 2141
10+27=37: 2042
7+3-06=4: 2258
91-40=51: 1591
3*5+1=16: 2315
33-27=06: 1795
5+8/2=09: 2177
8+2*9=26: 2514
21+78=99: 2041
2+1*6=08: 2281
069+3=72: 1525
50-47=+3: 1855
5+4/2=07: 2234
019+5=24: 1709
602/7=86: 2392
87+12=99: 1869
3+9-12=0: 2396
2+6*01=8: 2240
68/17=+4: 1654
43*2=086: 1971
3*6+0=18: 2093
2-8+15=9: 2018
67-31=36: 2374
2*8-11=5: 2401
6-12/4=3: 2398
44-+6=38: 2205
40+52=92: 1816
1*16-7=9: 2386
041-32=9: 1761
2-9+15=8: 1994
83-20=63: 1832
6+3*1=09: 2342
084-9=75: 1551
2*8-5=11: 2200
12+86=98: 1874
6+031=37: 2039
52-45=07: 1901
53-49=04: 1972
09+32=41: 1336
2*88=176: 2843
684/76=9: 2212
6+03-4=5: 2165
5+1-2=04: 2317
2+4*01=6: 2207
061-2=59: 1552
5+8-0=13: 2097
73-4=069: 1694
70+16=86: 2018
17+76=93: 1867
39-20=19: 1958
2*6-03=9: 2197
37-35=02: 1855
66-32=34: 2309
3*5+8=23: 2657
43-11=32: 1870
2*14/7=4: 2981
67-40=27: 2029
9*38=342: 2703
3*8-8=16: 2576
6*1+8=14: 2174
3*10/6=5: 2719
1*6/3=02: 2359
2+8-07=3: 2135
86-64=22: 2316
96-40=56: 1930
8*8-1=63: 2667
1*6-04=2: 2219
3+6-8=01: 2244
027-18=9: 1768
25-17=+8: 1632
58-35=23: 2381
7+05-9=3: 2203
7*9-6=57: 2674
4+032=36: 1964
7*6-33=9: 2602
07+16=23: 1406
2*7-08=6: 2153
7+5-12=0: 2444
4+5-8=01: 2278
465/93=5: 2307
4+9/3=07: 2247
88-24=64: 2427
7*9-4=59: 2610
2+03-1=4: 2203
8*7-56=0: 2334
09+42=51: 1326
2+09-4=7: 2384
8-5*1=03: 2245
9/27*3=1: 2535
036+5=41: 1637
4*+6/3=8: 2695
5*5-4=21: 2673
20+-3=17: 1804
6*9-7=47: 2732
8+5-4=09: 2309
4*2-05=3: 2246
2+6*5=32: 2641
074-5=69: 1562
62+28=90: 1809
7*01-3=4: 2018
67-58=+9: 1644
069+5=74: 1559
30+57=87: 2060
16/8+5=7: 2259
9*82=738: 2521
7+9*2=25: 2534
408/51=8: 2587
1+035=36: 1996
1+6/02=4: 2310
70+26=96: 1934
043+9=52: 1607
518/7=74: 2221
7+02-1=8: 2089
052/13=4: 2053
2*03-5=1: 2238
174/87=2: 2292
8+9-1=16: 2308
6+2*4=14: 2992
3+7-08=2: 2141
32-028=4: 2072
7*8-9=47: 2704
7*6+0=42: 2026
4/28*7=1: 2536
2+4*4=18: 2690
95-25=70: 1884
93-53=40: 1938
7*1-4=03: 2219
073-8=65: 1602
69+3=072: 1809
3/27*9=1: 2559
6+7-1=12: 2295
18-16=02: 1347
2+6*8=50: 2262
036-27=9: 1734
8*1-5=03: 2214
56-45=11: 1846
4+3/1=07: 2254
42-7=035: 1747
2+09-5=6: 2493
60-58=+2: 1912
7+04-5=6: 2178
35-22=13: 2207
3*2/01=6: 2458
3*69=207: 2459
12-4*3=0: 2155
7*2/14=1: 2720
7+8-11=4: 2363
68-34=34: 2270
10/2+4=9: 2255
14/7+3=5: 2162
567/9=63: 2088
28+62=90: 1878
6+28=034: 2292
7+9-1=15: 2213
19+73=92: 1896
29*03=87: 1394
9*6-5=49: 2794
15-9+2=8: 2145
74-31=43: 2251
19+74=93: 1937
10/6*3=5: 2312
2+047=49: 1913
4*4+7=23: 2530
4+05-1=8: 2236
018+9=27: 1717
5*5-6=19: 2629
052/4=13: 1843
9+6-8=07: 2222
88*3=264: 2594
8*5-8=32: 2687
71-57=14: 2031
04+69=73: 1390
26*3=078: 1916
22-17=05: 1780
50+37=87: 1992
017+6=23: 1782
6*6-34=2: 2667
6*7+0=42: 2013
728/8=91: 2084
4+3-01=6: 2234
6+8-2=12: 2646
1+048=49: 1966
6+07-9=4: 2269
5+1-4=02: 2310
36-08=28: 2173
019+8=27: 1744
3+045=48: 2046
76*3=228: 2207
6+07-5=8: 2339
35/7+4=9: 2104
3+4/02=5: 2350
6*5-22=8: 2599
5*5-9=16: 2548
6*3+0=18: 2162
194/97=2: 2402
5*01-3=2: 2153
051-43=8: 1769
88-42=46: 2346
2/6*24=8: 2852
259/37=7: 2304
7+1-2=06: 2207
60+29=89: 2051
66-38=28: 2540
8+3*6=26: 3020
1*07-3=4: 2236
50-+9=41: 1841
10+49=59: 2080
2*1+4=06: 2271
2+07-1=8: 2314
536/8=67: 2080
2+4-01=5: 2352
32+48=80: 2077
65-40=25: 1944
5*9-9=36: 2609
3+07-4=6: 2279
6*7-5=37: 2646
8*01-3=5: 2071
45/3-6=9: 2012
44-+8=36: 2208
33-24=09: 1821
2+3/1=05: 2282
7+35=042: 2206
402/6=67: 2359
071-62=9: 1766
58-57=01: 1975
69-10=59: 1994
8+013=21: 1883
82-28=54: 2157
51-46=05: 2093
7+6-2=11: 2361
6*2+1=13: 2443
72/18=+4: 1686
4+6-07=3: 2251
82-48=34: 2418
4+08-5=7: 2378
36-02=34: 1866
59-51=08: 1887
79-69=10: 2063
2+036=38: 1977
2+4-5=01: 2320
34-13=21: 1973
42-+38=4: 2365
86-10=76: 1907
7+05-8=4: 2165
5*9-1=44: 2566
3+06-5=4: 2298
27/3-4=5: 1919
-26+34=8: 2008
3+5-7=01: 2297
4*2-01=7: 2264
7+8*2=23: 2491
71-27=44: 2557
7/21*9=3: 2312
7+041=48: 2024
6*9-9=45: 2599
1+036=37: 2092
067-8=59: 1507
4*2/8=01: 2394
3+2-1=04: 2304
576/9=64: 2006
415/5=83: 2186
5*6+4=34: 2606
4+048=52: 1979
4+3*6=22: 2610
6+9-07=8: 2143
7*3-3=18: 2509
10/5*4=8: 2226
53-01=52: 2004
1*40/8=5: 2593
9+6-4=11: 2343
7*14=098: 2115
30/5*1=6: 2256
26-18=08: 2097
84-48=36: 2374
72/8-4=5: 2179
5+3-01=7: 2288
72-8=064: 1749
8+2-03=7: 2190
6+9-10=5: 2277
70+15=85: 2042
5*6-28=2: 2706
5+4-06=3: 2275
639/9=71: 2082
39-10=29: 2093
6-02+4=8: 2407
47*6=282: 2527
1*14/7=2: 2611
36-35=01: 1878
10+57=67: 2017
66-43=23: 2530
1*13-5=8: 2270
10+4-5=9: 1977
64-17=47: 2521
7+2-01=8: 2194
16+64=80: 2075
456/8=57: 2148
69-61=08: 1922
53+17=70: 2020
9+05-8=6: 2153
6+04-7=3: 2174
639/71=9: 2391
2*08-7=9: 2165
2*4+6=14: 2730
38+7=045: 1854
18/9+2=4: 2226
019+4=23: 1694
027+4=31: 1685
47-33=14: 2258
2*19=038: 2374
6+4*8=38: 2914
8+02-7=3: 2008
85+14=99: 1830
85-75=10: 2061
5+06-8=3: 2237
02*34=68: 1391
4*69=276: 2877
8*7-1=55: 2687
63-26=37: 2318
85*2=170: 2177
5*3-06=9: 2193
62-39=23: 2196
7+03-8=2: 2095
44-17=27: 2589
86-50=36: 1945
8-12/4=5: 2310
6*3+6=24: 2705
33-16=17: 1826
3*9-23=4: 2595
2*01+6=8: 2153
042+9=51: 1613
2*5-06=4: 2202
21-16=05: 1594
1/7*56=8: 2227
58*4=232: 2390
42/7-5=1: 2245
2+3*8=26: 2492
3+019=22: 2050
294/98=3: 2406
3+5-01=7: 2291
57-32=25: 2273
41+21=62: 2014
39-34=05: 1866
8*+04=32: 2016
42+-4=38: 2189
3*15/5=9: 2929
6+046=52: 2090
8+6-2=12: 2704
083-4=79: 1554
9-14+8=3: 2377
43-37=06: 1883
16-2*8=0: 2016
87/+29=3: 1714
11+69=80: 1846
546/7=78: 2080
5*8+1=41: 2387
75-17=58: 2422
9*4-32=4: 2653
9+25=034: 2113
072/18=4: 1977
6-01*4=2: 2134
057-9=48: 1508
6*1/03=2: 2424
7+6/2=10: 2221
75-10=65: 1879
6+05-8=3: 2209
4+7-06=5: 2255
4+7-05=6: 2267
5*03-7=8: 1998
10+3-9=4: 1847
3*8/12=2: 2812
5*9-36=9: 2811
2+041=43: 2065
4+5*1=09: 2347
1*6+7=13: 2224
22-3*6=4: 2248
48-046=2: 2165
5+07-8=4: 2258
33-25=08: 1764
7-18/6=4: 2562
28/+04=7: 1939
5+032=37: 2005
048+3=51: 1564
7*35=245: 2718
97-47=50: 2010
45/9+2=7: 2241
72*3=216: 2340
4+06-3=7: 2263
8*23=184: 2664
82-74=08: 2205
38*5=190: 2245
25+35=60: 2072
7+8-6=09: 2160
3*15/9=5: 3046
7+1-03=5: 2235
4+5*2=14: 2904
67-10=57: 1957
7+5*3=22: 2558
6*3+1=19: 2310
2+043=45: 2051
61-59=+2: 1725
5+04-6=3: 2203
8+4-03=9: 2274
25-01=24: 1787
4*9-9=27: 2654
46-01=45: 1849
059+2=61: 1600
5+04-1=8: 2200
84-38=46: 2361
5+043=48: 1987
61-15=46: 1976
1+8/2=05: 2271
10-8+3=5: 2354
6+027=33: 2004
9+6-10=5: 2322
7+4-06=5: 2255
3*02/6=1: 2363
2+04/1=6: 2291
9+4-12=1: 2579
3*9-22=5: 2530
32/+4=08: 1878
1*5-2=03: 2354
83-73=10: 2020
5+7-10=2: 2288
9*2/06=3: 2287
549/9=61: 2111
81/027=3: 1843
015+8=23: 1708
63-01=62: 2094
9/54*6=1: 2312
65-11=54: 1716
3*27=081: 2373
4+7*4=32: 2621
062-58=4: 1671
4*2+1=09: 2227
52-044=8: 2079
6*012=72: 2098
24-19=+5: 1650
9+63=072: 2096
4+1-3=02: 2247
9*6-7=47: 2781
5*6-24=6: 2774
75-18=57: 2554
2*03/6=1: 2454
054+8=62: 1606
66-31=35: 2208
16*4/8=8: 2702
+34-8=26: 1996
17+78=95: 1891
4+7*8=60: 2255
8*1+6=14: 2267
3+5*4=23: 2788
049+8=57: 1608
70+28=98: 1921
81-18=63: 2010
17+72=89: 1876
052-43=9: 1807
1+7-3=05: 2220
1*30/6=5: 2686
3*1+05=8: 2222
7*4-9=19: 2858
54/3=018: 1789
7*76=532: 2750
60-57=+3: 1930
38-37=01: 1879
1*8-06=2: 2216
5+8-2=11: 2345
82-54=28: 2311
291/3=97: 2254
14-1*6=8: 1942
2*4-05=3: 2223
203/7=29: 1992
2+3-1=04: 2306
2*9-4=14: 2674
12-3*4=0: 2105
20-14=+6: 1823
3+2-4=01: 2320
1*12/3=4: 2494
7*01-4=3: 2044
85-32=53: 2399
8*24=192: 2591
86-76=10: 2044
37-20=17: 1950
035+7=42: 1589
96/48=+2: 1644
2*9/06=3: 2239
33-14=19: 1816
9*2-18=0: 2404
6*6/18=2: 2842
48+32=80: 2007
039+6=45: 1576
2+09-6=5: 2481
5*4+6=26: 2833
8+06-5=9: 2301
084-5=79: 1540
6+8-09=5: 2115
4*024=96: 1831
7*4+4=32: 2551
8+7-11=4: 2388
66-23=43: 2479
034-25=9: 1825
5*02-7=3: 1982
74-66=08: 1996
29+7=036: 1885
22-6*3=4: 2381
78-50=28: 1980
21-015=6: 2014
9*6-9=45: 2717
21-016=5: 2025
1+08-3=6: 2449
02*43=86: 1415
3+9/1=12: 2326
10-6/2=7: 2271
78-61=17: 1964
1+40/8=6: 2551
97-67=30: 2080
46-08=38: 2131
27-3*9=0: 1936
6+5-04=7: 2301
6+2-7=01: 2285
48-043=5: 2157
5+038=43: 2086
057-8=49: 1537
16-12=04: 1356
5*9/3=15: 2750
25-24=01: 1762
26-2*9=8: 2157
63*4=252: 2414
6+35=041: 2252
45-24=21: 2141
53-48=05: 2036
2*6+4=16: 2786
56/8-4=3: 2171
12+68=80: 2188
5*1+3=08: 2227
6*3/02=9: 2307
064+8=72: 1584
8*89=712: 2816
52-048=4: 2247
7-14+9=2: 2319
80-76=+4: 2032
8+6/2=11: 2348
5*3+7=22: 2455
75-58=17: 2509
2+08-7=3: 2353
59-56=03: 1974
061-4=57: 1540
66+24=90: 1912
40/5*1=8: 2199
4+9-05=8: 2213
3*8/2=12: 2740
28-6*4=4: 2501
82-27=55: 2181
5+6*3=23: 2830
071-8=63: 1541
55-46=09: 1934
2+09-7=4: 2328
54/6-7=2: 2077
44+-6=38: 2223
7*8+2=58: 2645
78/6-4=9: 2011
3*2+1=07: 2285
74-41=33: 2248
4+9/1=13: 2272
36-032=4: 2107
9*5-9=36: 2728
7*7-3=46: 2563
7+03-6=4: 2122
19+5=024: 1767
8*3-8=16: 2742
59-40=19: 1976
6*2+-4=8: 3001
9+7-16=0: 2328
304/76=4: 2535
435/5=87: 2115
12*2/6=4: 2411
84-18=66: 2422
345/5=69: 2041
+24-16=8: 2105
79-22=57: 2316
5+8-09=4: 2132
9*4-9=27: 2762
85+06=91: 1345
51-45=06: 1987
73-5=068: 1678
6+9-11=4: 2291
5+9-11=3: 2343
6+1-4=03: 2282
90/+2=45: 1825
49/7+1=8: 2191
54-08=46: 1905
10+74=84: 2034
4+03-1=6: 2130
9+4-11=2: 2438
36/9+1=5: 2286
3*2/6=01: 2451
2+7-01=8: 2198
30/5+1=7: 2355
5*01-2=3: 2124
2*9/1=18: 2269
2+6*2=14: 2691
5*1+03=8: 2198
2*07-9=5: 2195
96-20=76: 1838
25-18=+7: 1670
9*2-2=16: 2443
47-34=13: 2280
3+8/04=5: 2314
4+9-12=1: 2525
54/18=+3: 1636
5+4*1=09: 2352
039+2=41: 1597
047+6=53: 1638
4+9-11=2: 2399
027-19=8: 1772
16/8+7=9: 2216
70+23=93: 1806
8*02-7=9: 1873
7+16=023: 2280
6+05-9=2: 2210
7*8-7=49: 2620
9+029=38: 2074
83-74=+9: 1807
6+03-5=4: 2183
058+9=67: 1577
21-15=06: 1554
3+6-05=4: 2278
2+10-8=4: 2514
4*+12=48: 2289
8+1-6=03: 2286
1+4-3=02: 2268
09+54=63: 1333
7+4-05=6: 2290
25-021=4: 2093
1+6-3=04: 2251
4+6-9=01: 2214
3+9-08=4: 2121
518/74=7: 2553
85-33=52: 2263
+34-6=28: 1968
390/78=5: 1771
1+038=39: 1987
36+20=56: 1951
10-5+2=7: 2247
7*4+6=34: 2533
7+8-1=14: 2278
7+04-6=5: 2165
64-32=32: 2212
78-40=38: 1930
55-47=08: 1904
8+2-07=3: 2188
48-01=47: 1885
86-62=24: 2238
98-28=70: 1919
036/18=2: 2040
09+58=67: 1334
415/83=5: 2402
35-23=12: 2175
2*4/08=1: 2408
79-19=60: 2050
2*9-8=10: 2188
4*9+0=36: 1977
23+37=60: 1961
48/6-5=3: 2070
09+16=25: 1376
12-4*1=8: 2108
92-23=69: 2300
7+1-5=03: 2232
3*4+4=16: 2628
3*6/09=2: 2219
7*3+6=27: 2850
069+4=73: 1597
15+25=40: 2048
1+5-2=04: 2336
4+2*01=6: 2234
10-6+5=9: 2259
18+78=96: 1924
7+5-10=2: 2304
6*01+2=8: 2160
35+6=041: 1885
84-68=16: 2508
14-6+0=8: 2173
2+6-1=07: 2305
2*05-1=9: 2245
25-16=+9: 1645
3+4*3=15: 2771
4/2+6=08: 2380
82*6=492: 2491
8*9-8=64: 2644
93-73=20: 1997
9*8-8=64: 2608
7*7-1=48: 2652
28-27=01: 1737
1*30/5=6: 2679
40/5-2=6: 2293
88-46=42: 2368
6+4-9=01: 2189
9+06-7=8: 2181
6+4*7=34: 2666
3+07-6=4: 2294
3*1+02=5: 2321
60+32=92: 1775
02+69=71: 1407
4+10-8=6: 2505
6*1/2=03: 2386
42+48=90: 1895
43-01=42: 1991
5+042=47: 2005
39+2=041: 1864
2+5-1=06: 2361
7*23=161: 2471
9+3-0=12: 2304
5*27=135: 2894
55-27=28: 2117
32+38=70: 1855
6+9/1=15: 2279
1*13-8=5: 2261
6+05-4=7: 2260
64+8=072: 1925
3+042=45: 2050
27/3-1=8: 2009
24-17=07: 2161
7-5*1=02: 2274
29-26=03: 1680
71-16=55: 2026
24/+3=08: 1832
60-+59=1: 1856
025+6=31: 1742
1+8-03=6: 2191
57-51=06: 1937
36-4*8=4: 2469
68-36=32: 2266
32-07=25: 1826
69-40=29: 1973
039+8=47: 1648
84-75=+9: 1719
18-3*6=0: 2030
6*91=546: 2654
10/8*4=5: 2396
4*7+6=34: 2600
52-07=45: 2078
8+1*6=14: 2357
64-58=06: 1993
79-27=52: 2275
9+3*1=12: 2530
6+9-08=7: 2170
5+2-6=01: 2429
9*8-3=69: 2749
2+037=39: 1982
6*6-5=31: 2583
64-47=17: 2506
1*4+8=12: 2146
6+8-13=1: 2429
036+9=45: 1599
32-13=19: 1779
4*37=148: 2755
6*+07=42: 1951
10+4-9=5: 1940
21-18=03: 1571
62+18=80: 2177
48/3-9=7: 2010
1+06-3=4: 2320
58-25=33: 2296
92-12=80: 1882
12-+04=8: 1866
4+4*7=32: 2554
1*21/7=3: 2509
44+-8=36: 2207
9*1-6=03: 2199
9+6-11=4: 2370
315/45=7: 2324
54-06=48: 1913
2*01+4=6: 2106
063-54=9: 1780
22+68=90: 1980
6+5-09=2: 2190
4*5+3=23: 2684
24-15=+9: 1634
83-60=23: 1938
2*94=188: 2831
2*9-2=16: 2429
98-30=68: 1897
2+30/5=8: 2524
3+07-8=2: 2250
56-08=48: 2132
8+06-9=5: 2255
03*16=48: 1455
1+05-2=4: 2271
5+1-04=2: 2314
2*+23=46: 2016
061-52=9: 1770
053+9=62: 1614
65-61=04: 1935
068+3=71: 1580
1*13-4=9: 2347
096/8=12: 1738
2*9+7=25: 2291
2*8+0=16: 2082
1*8+5=13: 2131
6*7/21=2: 2826
54-27=27: 2277
045-36=9: 1785
8+6-05=9: 2264
9+7-1=15: 2274
23-14=+9: 1683
6+7/1=13: 2317
59-52=07: 1927
21+41=62: 2061
8+033=41: 2112
38/19=+2: 1661
20+65=85: 2061
5-2*1=03: 2285
30+59=89: 2142
20+67=87: 2117
178/89=2: 2193
7-3*1=04: 2206
8+5-04=9: 2300
72/8-6=3: 2171
4*3/12=1: 2721
4-02+6=8: 2421
04+57=61: 1387
5+1*3=08: 2308
4*5-19=1: 2492
50-+49=1: 1926
12+40=52: 1853
60+34=94: 1871
4*2-07=1: 2301
2*3/01=6: 2456
18-013=5: 1632
3*5-06=9: 2228
17+75=92: 1780
41-03=38: 1950
44-6*7=2: 2484
6+4*5=26: 2844
7*2+9=23: 2395
4*9-34=2: 2556
5*4+3=23: 2663
7*54=378: 2702
4+9-0=13: 2091
8*2-15=1: 2595
54-29=25: 2126
2*21/7=6: 2710
71-44=27: 2668
53-28=25: 2226
4+9/03=7: 2225
18+7=025: 1848
046+7=53: 1628
2*047=94: 1968
6*93=558: 2471
50+-49=1: 1901
1*9+7=16: 2091
15+36=51: 2072
81-15=66: 1927
1+057=58: 2067
51/3-8=9: 2061
5+9/3=08: 2187
7+3-1=09: 2312
4+06/2=7: 2285
35/7-1=4: 2161
20-16=+4: 1775
051-42=9: 1799
8*5/10=4: 2385
72*6=432: 2438
96*4=384: 2528
9*54=486: 2453
8*1+4=12: 2282
7*+06=42: 1967
86*3=258: 2621
58-52=06: 1966
8*9-3=69: 2698
60/+4=15: 1898
306/6=51: 2424
9+7*2=23: 2559
9*2-10=8: 2290
72/6-9=3: 2001
5-18/6=2: 2675
059+4=63: 1602
8*01-5=3: 2080
6+3/1=09: 2248
4*023=92: 1847
7+4*4=23: 2686
504/84=6: 2371
40+35=75: 1894
4*04/2=8: 2919
98-48=50: 1952
8-4+6=10: 2348
071-2=69: 1538
10/5*3=6: 2255
1*16-9=7: 2395
42-036=6: 2320
8+04-3=9: 2217
4+02/1=6: 2163
50+46=96: 1919
1*08-5=3: 2365
14-1*8=6: 1976
7*3+3=24: 2639
69-50=19: 2008
82-38=44: 2372
54+8=062: 1892
4*5-14=6: 2635
6*+4/3=8: 2578
1+8-2=07: 2197
94-70=24: 1844
205/5=41: 2306
1+20/4=6: 2556
81-65=16: 1996
7+06-8=5: 2263
28-023=5: 1995
26-6*3=8: 2576
6+7-0=13: 2125
019+6=25: 1722
9*7-4=59: 2729
5+06-4=7: 2300
25+6=031: 2000
6-01*2=4: 2094
3*1+5=08: 2220
91-22=69: 2392
8+7-1=14: 2302
1+6*5=31: 2411
09+52=61: 1394
8*5/4=10: 2396
1+04-2=3: 2282
4*+21=84: 2336
70+13=83: 1951
28/7-1=3: 2202
8/2*6=24: 2746
52-06=46: 2167
81-16=65: 1960
18-6*3=0: 2151
8+1-03=6: 2254
13+57=70: 2087
8*5+1=41: 2480
4+1*02=6: 2287
87+04=91: 1396
2*6+2=14: 2621
94-42=52: 2226
3*8-21=3: 2834
2+06/3=4: 2312
78/13=+6: 1697
4*4+9=25: 2483
9+5-11=3: 2404
5+8/02=9: 2223
8+1-5=04: 2257
47+23=70: 1960
61-45=16: 1934
1+4*2=09: 2272
6*5+2=32: 2638
729/81=9: 2346
82-26=56: 2302
5+07-9=3: 2291
53-32=21: 2295
3*4+3=15: 2685
6+1-04=3: 2240
32-16=16: 2053
6*2+2=14: 2592
7+24=031: 2240
3*2-01=5: 2350
8*2+0=16: 2185
6/2*8=24: 2707
8+1-4=05: 2274
30+62=92: 1915
3*9-25=2: 2689
30+68=98: 2035
2+7*6=44: 2648
5*42=210: 2746
7+8-0=15: 2111
576/8=72: 2210
2+5*1=07: 2357
79-20=59: 1967
2*08-9=7: 2183
9-42/7=3: 2184
1*18/2=9: 2720
2*4-01=7: 2259
60+19=79: 2121
5+9-13=1: 2476
8+021=29: 2008
76/19=+4: 1627
46*3=138: 2379
6-02*1=4: 2111
5+039=44: 1956
1*5+3=08: 2159
5+034=39: 1942
465/5=93: 2019
7*2+2=16: 2521
8*91=728: 2696
64/8-3=5: 2131
15-012=3: 1762
6*9-46=8: 2633
10/5+6=8: 2337
5*02-1=9: 2121
64/8-7=1: 2227
061-58=3: 1807
5+8/4=07: 2229
23+47=70: 2099
27/3-5=4: 1961
53-45=08: 1919
1*8+7=15: 2141
2+035=37: 2002
10-5+4=9: 2248
72-36=36: 2379
6+4-01=9: 2179
4+029=33: 1922
8*2+1=17: 2337
3*7+6=27: 2704
7+8-4=11: 2342
47-01=46: 1891
2+5*6=32: 2631
8+4*5=28: 2880
63-4=059: 1653
21-07=14: 1630
5*+12=60: 1949
3*+09=27: 1876
75-53=22: 2293
6*9-48=6: 2757
16-14=02: 1375
65-63=02: 2012
9+4-05=8: 2261
8+6-09=5: 2180
7*22=154: 2407
20+71=91: 1717
1*07-4=3: 2272
6+7-2=11: 2337
30/2-6=9: 2136
-6+34=28: 1584
8+5*3=23: 2844
66-53=13: 2435
5*2-03=7: 2228
7+6-0=13: 2177
9+6-15=0: 2401
081-9=72: 1488
4+1-2=03: 2295
4+6*5=34: 2670
3*4+2=14: 2759
33-06=27: 1982
46+22=68: 2151
29-24=05: 1674
36-+8=28: 2498
2+051=53: 2147
9+5-13=1: 2504
79+15=94: 1771
1*12-9=3: 2353
7*2-05=9: 2196
88*4=352: 2565
6*7-33=9: 2605
6*3-14=4: 2781
3*4+0=12: 2177
031-27=4: 1839
3*05-8=7: 2074
306/9=34: 2213
035+6=41: 1664
27+4=031: 1880
5+6-07=4: 2204
032+9=41: 1674
4+2*6=16: 3033
4*14/7=8: 2845
2+3-4=01: 2341
9+32=041: 2159
4+9-08=5: 2196
3+2-01=4: 2286
8*7-50=6: 2211
3*028=84: 1991
9-12/6=7: 2395
046-37=9: 1787
32*8=256: 2521
9+5*1=14: 2384
5*47=235: 2736
6+3-05=4: 2292
3*7/21=1: 2671
4/2+8=10: 2445
30/6-1=4: 2381
1*3+02=5: 2251
7*1+6=13: 2337
6+3-08=1: 2220
20+74=94: 1915
3+05-1=7: 2275
54-03=51: 2001
4*+15=60: 1932
052+9=61: 1651
5*4-19=1: 2454
6+1*7=13: 2398
8+6-13=1: 2498
74-68=06: 2085
532/7=76: 2182
28-03=25: 1748
60+-59=1: 1868
21-04=17: 1667
24-01=23: 1832
25+15=40: 2137
7*01-5=2: 2099
248/62=4: 2901
9*2-11=7: 2365
9+03-8=4: 2097
7+8-06=9: 2179
2*9-12=6: 2620
9*2+7=25: 2341
9+4-0=13: 2193
33-29=04: 1771
50+47=97: 2018
073-64=9: 1790
2+1*04=6: 2254
036-29=7: 1770
35+16=51: 2092
7*7-6=43: 2611
4*5+7=27: 2929
4*3+2=14: 2849
9+4/1=13: 2335
44+28=72: 2181
1+07-3=5: 2387
4+3*4=16: 2840
48*2=096: 1876
7+6-08=5: 2229
064+9=73: 1608
10+6-9=7: 1942
2+1*06=8: 2280
2*+35=70: 1806
9+3-08=4: 2226
4+07-5=6: 2336
08+63=71: 1388
4*8+3=35: 2489
67-11=56: 1888
24-9=015: 1826
5+2*1=07: 2361
9*2-16=2: 2761
5*5-7=18: 2523
85-79=+6: 1724
8-14+9=3: 2376
6+05-7=4: 2205
80/+16=5: 2051
31-02=29: 1965
75-57=18: 2419
3*65=195: 2820
2*+32=64: 2078
2*87=174: 2800
034/17=2: 2007
+36-9=27: 1970
062-53=9: 1781
42-06=36: 2179
6+1-2=05: 2329
6-13+9=2: 2315
81-5=076: 1806
30/5-2=4: 2301
72-45=27: 2407
4+09-6=7: 2452
9*2-0=18: 2132
3*+24=72: 2056
3+7-1=09: 2229
1*7-3=04: 2178
04*17=68: 1372
6*6-27=9: 2749
6-1*4=02: 2268
53-02=51: 2077
9/72*8=1: 2138
3*7-4=17: 2786
2+3-01=4: 2262
48-03=45: 1951
84+07=91: 1344
4*5+8=28: 2841
45/9+3=8: 2217
66-13=53: 2364
2*3+1=07: 2295
567/63=9: 2351
196/98=2: 2358
68*2=136: 2617
5*2+4=14: 2877
1+8-4=05: 2185
57+33=90: 1821
3*012=36: 2082
81-68=13: 2075
18-015=3: 1706
3+02-4=1: 2213
3*49=147: 2844
3*+8/4=6: 2823
4*10/8=5: 2650
20+69=89: 2157
54-01=53: 1916
3*017=51: 1712
637/91=7: 2395
2*8-15=1: 2567
9*8/4=18: 2863
729/9=81: 2126
081-6=75: 1550
8+1-2=07: 2245
5+9-10=4: 2251
1*07-2=5: 2334
2+05-1=6: 2374
6+2*01=8: 2254
50+48=98: 1967
38+32=70: 1814
9+04-8=5: 2151
9+4-08=5: 2247
9-24/3=1: 2429
062+9=71: 1663
076/4=19: 1710
207/23=9: 2248
27/9+5=8: 2248
5*4+7=27: 2898
6+3*6=24: 2784
95-65=30: 1993
4+58=062: 2243
1+5-4=02: 2305
55-29=26: 2096
55-26=29: 2118
7+2-08=1: 2203
5*1-03=2: 2336
92-33=59: 2466
2*5-9=01: 2304
35+7=042: 1882
+38*2=76: 1959
84-70=14: 1926
8*8-3=61: 2662
50+39=89: 2043
60/+15=4: 1994
2*9-17=1: 2534
8+1-7=02: 2231
6+7-08=5: 2195
48+20=68: 1972
7-16/4=3: 2536
8*3-7=17: 2884
54-046=8: 2124
52*6=312: 2574
97-57=40: 2057
2*92=184: 2493
94-14=80: 1857
4+5-06=3: 2332
3+09-5=7: 2480
24/3-7=1: 2077
69+2=071: 1856
9+6-14=1: 2494
3+09-7=5: 2461
8+53=061: 2158
10+6-7=9: 1912
1*7+6=13: 2209
30+45=75: 1914
51-26=25: 2337
9*3-25=2: 2726
72/8-5=4: 2196
6+25=031: 2358
1*12-7=5: 2316
017*2=34: 1764
1*12-5=7: 2346
6*2-09=3: 2139
079+3=82: 1530
46-041=5: 2102
33-17=16: 1783
42+10=52: 1863
9-3*1=06: 2218
6*3-16=2: 2822
18-02=16: 1414
4-18/9=2: 2618
9*3-22=5: 2569
4*9-28=8: 2831
2+06*1=8: 2235
2+7*2=16: 2622
40/8-3=2: 2406
1*6/03=2: 2400
49-48=01: 1910
65-62=03: 2085
5+9/03=8: 2248
3*4-05=7: 2248
33-+6=27: 2254
6+9-14=1: 2468
57-53=04: 1931
64-56=08: 1891
1+5*3=16: 2234
7+9-16=0: 2272
1+4/2=03: 2240
5+2-01=6: 2348
6*1+7=13: 2303
61+19=80: 1718
6*7-7=35: 2607
7-2*1=05: 2264
70+-69=1: 1827
6*1/02=3: 2435
92-87=+5: 1783
6*2+6=18: 2798
3+4*5=23: 2741
354/59=6: 2391
4+8-09=3: 2171
96-16=80: 1941
205/41=5: 2613
71-56=15: 2085
36+34=70: 1912
8*71=568: 2705
6+3*2=12: 2922
6*9+2=56: 2594
9-12+8=5: 2293
14+27=41: 1967
34-4*8=2: 2398
9+033=42: 1996
71-47=24: 2628
09+62=71: 1406
68-63=05: 1947
1*12/4=3: 2558
2*5-03=7: 2228
8-12+7=3: 2322
7+3-9=01: 2275
7*9-8=55: 2540
18*2=036: 1877
45/3-8=7: 1995
26-018=8: 2297
2+06-1=7: 2298
8*5+2=42: 2611
8*5-32=8: 2895
8*7-9=47: 2651
1*3+05=8: 2127
4+1-03=2: 2271
6-04*1=2: 2211
38-032=6: 2145
4-2+8=10: 2395
083-74=9: 1734
02*17=34: 1474
+012-4=8: 2375
57+4=061: 1889
48-39=09: 2114
18+33=51: 1997
32-+8=24: 2083
98-58=40: 2004
7+1-6=02: 2211
61-16=45: 1952
7*4+9=37: 2772
2*1+03=5: 2299
09+64=73: 1436
9*6-48=6: 2751
392/98=4: 2378
1*5+03=8: 2127
9*8-9=63: 2707
3+5*3=18: 2776
40+57=97: 2059
54*6=324: 2521
40+58=98: 1995
70-+69=1: 1840
22-13=09: 1788
1*2+03=5: 2238
5*1-02=3: 2288
5*48=240: 3069
9*2-17=1: 2545
5+1-02=4: 2316
38+20=58: 1932
9*8-64=8: 2794
6*5-24=6: 2881
018*4=72: 1690
1+14/2=8: 2501
1+06-4=3: 2333
84/6-5=9: 2064
10+72=82: 1985
2*8-13=3: 2818
9+15=024: 2244
7-24/6=3: 2285
81-38=43: 2542
28-14=14: 1790
1+8-6=03: 2215
1+07-2=6: 2401
9*76=684: 2583
2*4+1=09: 2231
081-72=9: 1688
102/3=34: 2238
4+08-3=9: 2384
5+2/1=07: 2282
54/9+1=7: 2284
15-013=2: 1716
7*02-9=5: 1903
5*4/20=1: 2496
3+056=59: 2064
37-10=27: 2035
78-17=61: 2015
7*6/2=21: 2668
95-75=20: 2063
9*7-6=57: 2637
2*7/14=1: 2702
69-62=07: 1970
81/+27=3: 1791
7*4/2=14: 2819
3+10/2=8: 2637
8-1*2=06: 2306
10-7+2=5: 2409
10+63=73: 2010
20-2*8=4: 2396
38*2=076: 1945
8+046=54: 2086
5*2-07=3: 2213
34/17=+2: 1733
21-03=18: 1555
8+17=025: 2291
32-19=13: 1880
9-24/6=5: 2351
8+05-4=9: 2239
8*3/2=12: 2800
4*7/2=14: 2821
2*3-01=5: 2376
05+69=74: 1359
061-54=7: 1776
6+9-15=0: 2345
6*5-28=2: 2715
248/4=62: 2810
67-50=17: 1974
73-71=02: 2062
96-50=46: 1936
+24-8=16: 1904
8*6/16=3: 2831
9*62=558: 2434
9+42=051: 2145
6*8/48=1: 2898
8+025=33: 2007
63/7-1=8: 2105
2+7-8=01: 2226
75-30=45: 1932
9+8-11=6: 2401
60/+5=12: 1919
26*9=234: 2429
7-15/3=2: 2455
28-4*5=8: 2652
4+035=39: 1952
6+048=54: 2019
9*3+0=27: 2095
4+1-02=3: 2296
4*1+8=12: 2213
291/97=3: 2594
8+7-6=09: 2198
7*3/21=1: 2729
40*1/8=5: 2099
7+1-02=6: 2247
6+2*3=12: 2766
17*4=068: 1878
3*6-13=5: 2704
36-01=35: 1885
5*87=435: 2706
27-26=01: 1739
1+8-02=7: 2181
5-16/8=3: 2458
8+9-6=11: 2310
52/13=+4: 1663
235/47=5: 2366
57-35=22: 2196
32+-4=28: 2086
15-12=03: 1456
4+1*8=12: 2301
285/95=3: 2167
9+6-07=8: 2153
4*3+4=16: 2753
65-54=11: 1925
6+2-01=7: 2249
48-+2=46: 2185
85-76=+9: 1746
1*15-8=7: 2343
7+9-5=11: 2244
+012-8=4: 2350
7+044=51: 2087
09+14=23: 1367
9-7*1=02: 2209
536/67=8: 2289
1+04-3=2: 2291
712/89=8: 2482
308/44=7: 2455
4+6-01=9: 2206
47-13=34: 2321
39*2=078: 1934
6+5-07=4: 2235
085-9=76: 1491
+26*3=78: 1876
52-05=47: 1980
34+36=70: 1930
83+15=98: 1737
50-41=+9: 1959
1*4+9=13: 2171
22-15=07: 1797
86-63=23: 2525
27/9+1=4: 2256
61-57=+4: 1701
9+8*2=25: 2565
8+05-7=6: 2233
65-14=51: 1917
1*7+9=16: 2138
5*3+8=23: 2631
03+68=71: 1435
8-04+2=6: 2504
1+8/02=5: 2395
9*4-28=8: 2939
8*02-9=7: 1864
4+09-7=6: 2413
2*6+-4=8: 2964
4*6/24=1: 2874
7+1-05=3: 2278
78/6-9=4: 1981
477/53=9: 2304
-68+72=4: 2030
05+68=73: 1432
42+26=68: 2218
5+9-14=0: 2370
82-074=8: 2324
62-57=05: 2065
+24-18=6: 2154
5+8-11=2: 2337
9+7/1=16: 2228
8-2+4=10: 2422
2*7+2=16: 2546
042-35=7: 1835
8+43=051: 2129
5+6/3=07: 2296
32/+08=4: 1937
408/8=51: 2415
108/36=3: 2561
14*1-6=8: 1868
26-3*8=2: 2264
9*4-34=2: 2607
83-79=+4: 1777
2*77=154: 2810
6/54*9=1: 2310
63-57=06: 2000
4*9+6=42: 2492
9*1-7=02: 2168
33-08=25: 1977
8-01*6=2: 2192
1+4-2=03: 2318
81-72=+9: 1888
61-54=+7: 1761
30/2-9=6: 2110
9+4*4=25: 2709
2*9-0=18: 2046
2+5-01=6: 2305
4+07-6=5: 2351
47-042=5: 2174
2*7/1=14: 2340
47-14=33: 2328
37-36=01: 1934
081-5=76: 1523
3+1*4=07: 2386
22-013=9: 2068
8+048=56: 2112
092-7=85: 1568
4+05-6=3: 2250
4-8+10=6: 2196
76+5=081: 1927
63-58=05: 1990
32/4+0=8: 2241
88-64=24: 2557
67*4=268: 2442
5+9*2=23: 2553
93*4=372: 2414
83-10=73: 1846
5*4-14=6: 2585
86-23=63: 2435
74-5=069: 1667
52/4=013: 1909
2+6-7=01: 2244
1+6*3=19: 2289
6*2-07=5: 2221
33-18=15: 1811
31-09=22: 2047
19+75=94: 1879
34+20=54: 1823
2+03-4=1: 2258
084-75=9: 1776
5-02+3=6: 2526
1*03+5=8: 2146
42+-38=4: 2357
65-51=14: 1734
5+4/1=09: 2297
16/+02=8: 1972
67-63=04: 2007
79-50=29: 2059
42-03=39: 1925
8+5-07=6: 2273
8+1-06=3: 2255
36-18=18: 1910
57+13=70: 1987
7*9-9=54: 2539
402/67=6: 2649
9*01-3=6: 1950
485/5=97: 2068
072-68=4: 1703
84+15=99: 1768
1+8/4=03: 2164
7*01-2=5: 2101
9*6+2=56: 2609
74-33=41: 2264
2*9-16=2: 2734
91-70=21: 1715
9+8-6=11: 2312
7+031=38: 1980
3*2+6=12: 2671
051-48=3: 1820
5+7/1=12: 2311
95*8=760: 2253
6+037=43: 2171
94-60=34: 1945
5-12/6=3: 2421
035-26=9: 1822
306/51=6: 2683
031-25=6: 1903
2+8*7=58: 2708
045-37=8: 1840
39-35=04: 1849
3*4-07=5: 2194
9+2*7=23: 2466
42-4*9=6: 2361
6+1-03=4: 2235
44-7*6=2: 2547
33-07=26: 1938
70+25=95: 1888
3+4/01=7: 2345
4*2/08=1: 2395
48-041=7: 2154
8+7-4=11: 2360
43-02=41: 2029
5+08-7=6: 2404
57/19=+3: 1596
9*4+0=36: 2052
18*3=054: 1901
8-12+4=0: 2755
-64+72=8: 2052
5+06-7=4: 2239
59-57=02: 1932
8/72*9=1: 2172
8*9/4=18: 2915
26-25=01: 1741
3*2+7=13: 2766
28/+07=4: 1943
36-04=32: 1934
24-021=3: 2088
5*4+9=29: 2893
5*6/10=3: 2355
9+8-7=10: 2261
84*3=252: 2375
8/56*7=1: 2454
1+06-2=5: 2442
392/49=8: 2301
14-2*6=2: 2369
4+06-7=3: 2256
8+5-06=7: 2296
58*2=116: 1980
75-52=23: 2302
32-025=7: 2170
3*98=294: 2761
48-+42=6: 2368
10+69=79: 2120
6+08-5=9: 2403
75-71=04: 2059
8*1-03=5: 2243
8+5-2=11: 2416
84/21=04: 2140
6+1*02=8: 2280
23-15=+8: 1640
5*8+3=43: 2613
7+1*6=13: 2430
4*18/9=8: 3244
10+5-6=9: 1948
81-6=075: 1830
2+6-01=7: 2258
7*5-32=3: 2808
1*13-9=4: 2304
068+5=73: 1590
32-05=27: 1839
64-59=05: 2020
89-29=60: 2037
94*4=376: 2427
10+5-9=6: 1901
6+02/1=8: 2178
32-+28=4: 2283
9*5-36=9: 2984
2+5/1=07: 2285
72-47=25: 2340
1*14-5=9: 2396
61-46=15: 1905
3+1*2=05: 2379
43+11=54: 1937
9+52=061: 2166
16+82=98: 1867
6*01/3=2: 2335
45/3-7=8: 1980
5*7+3=38: 2503
7+3*5=22: 2554
83-39=44: 2275
2+5-6=01: 2373
70/+35=2: 1964
54+20=74: 1790
63-56=07: 1959
48/12=04: 2201
09+15=24: 1329
7-02+4=9: 2389
2+5*8=42: 2592
1*15-7=8: 2302
11+34=45: 2040
48/012=4: 2390
40/8-2=3: 2371
1+12-4=9: 2474
657/9=73: 2009
8-14/7=6: 2388
82-25=57: 2170
5*5-8=17: 2590
93-87=+6: 1849
059+8=67: 1553
3+1*5=08: 2292
8+5/1=13: 2344
6*3/09=2: 2238
8+1*4=12: 2378
25-19=+6: 1632
4*14/8=7: 2823
18-13=05: 1318
1+6-4=03: 2293
2*9-14=4: 2760
7+8/1=15: 2228
55-28=27: 2196
46-038=8: 2293
71-15=56: 1901
73*4=292: 2457
44+17=61: 2027
28-12=16: 1569
8*8/64=1: 2929
6-8+4=02: 2330
18*4=072: 1892
3+5/01=8: 2338
1+7-2=06: 2248
9+14=023: 2177
68-67=01: 2100
80/+5=16: 1897
1*15-6=9: 2368
3*032=96: 1930
038/2=19: 1735
98-60=38: 1967
38+10=48: 2022
063+9=72: 1579
9-32/4=1: 2400
4+02-5=1: 2205
9*2/18=1: 2671
1*18/9=2: 2746
6*7+8=50: 2152
5+047=52: 2034
66-35=31: 2308
6-02+3=7: 2417
6*2+-8=4: 2953
32+-24=8: 2288
12+29=41: 1880
018*3=54: 1674
30/2-8=7: 2120
62*3=186: 2690
81-66=15: 1975
4+1*3=07: 2387
9*6-46=8: 2684
9*9-6=75: 2577
92-85=+7: 1822
44-+36=8: 2347
52-045=7: 2252
+36-7=29: 1978
53-25=28: 2123
48+18=66: 2606
3+09-4=8: 2441
078/13=6: 1929
54*2=108: 2140
7+045=52: 2063
305/61=5: 2695
9*+03=27: 1972
3+038=41: 2058
4-12+8=0: 2715
87-30=57: 1972
56-052=4: 2179
80-+71=9: 1890
85-20=65: 1895
18/9+3=5: 2256
7-02+3=8: 2392
9+3/1=12: 2392
9+5-14=0: 2447
45/3-9=6: 1962
9+27=036: 2212
46-23=23: 2148
72-65=07: 2172
+34-26=8: 2125
18-+12=6: 1996
56-28=28: 2265
21-06=15: 1688
532/76=7: 2513
38+13=51: 2037
2+6*9=56: 2641
12-1*4=8: 2034
35-13=22: 2212
6+7*3=27: 2855
5+03-1=7: 2214
98-78=20: 2093
74-43=31: 2296
6-4/1=02: 2335
8*3+3=27: 2589
34+11=45: 1891
3*+17=51: 1986
79-10=69: 2002
6*6/3=12: 2734
12*7=084: 2079
92-50=42: 1781
8+9-11=6: 2380
84/7-3=9: 2126
6*3+5=23: 2673
2*12/8=3: 2684
40/8*1=5: 2392
3*+8/6=4: 2802
3*+4/2=6: 2646
9*7-7=56: 2548
24*9=216: 2455
5+18=023: 2314
6*2-05=7: 2256
9*2-12=6: 2606
765/9=85: 2073
4*3+0=12: 2233
28/+7=04: 1871
33-05=28: 1920
2*9+5=23: 2330
6*+03=18: 2088
8-6+2=04: 2357
5+4-08=1: 2303
2*8-07=9: 2092
5+08-4=9: 2379
7+9-11=5: 2249
49/7-1=6: 2115
8+01-3=6: 2112
4+02*1=6: 2070
1*07-5=2: 2336
5*6+8=38: 2799
58-56=02: 1949
3*8-18=6: 2689
56-054=2: 2242
078/6=13: 1707
7*4-21=7: 2971
30/2-7=8: 2089
8*6-9=39: 2791
47+33=80: 1912
9+022=31: 2023
74-71=03: 2097
45-7=038: 1724
1+5-02=4: 2318
8-12+9=5: 2284
28+30=58: 1979
9*6+8=62: 2561
4-8+6=02: 2314
4*5+6=26: 2869
26-14=12: 1668
65-64=01: 2041
4*97=388: 2801
26-12=14: 1609
7*6-39=3: 2707
3+028=31: 2045
96/2=048: 1664
1+042=43: 2017
5+36=041: 2285
9+62=071: 2164
32+11=43: 2079
3+9-0=12: 2192
18+30=48: 1981
1+06/2=4: 2357
82-3=079: 1659
9*9/3=27: 2668
043+8=51: 1673
5*7/1=35: 2729
8/4*1=02: 2590
68+3=071: 1882
59-44=15: 2381
3*2+01=7: 2268
5*03-8=7: 1978
7+2*9=25: 2478
7*8/4=14: 2830
31+20=51: 1749
+19*3=57: 1955
4*2+01=9: 2200
39+31=70: 1835
52-047=5: 2327
2*6-09=3: 2167
2*3+6=12: 2716
345/69=5: 2350
7+5/1=12: 2329
8+4-09=3: 2243
87-20=67: 1957
27-023=4: 1951
3+051=54: 2084
53-052=1: 2244
1+4-02=3: 2285
36-031=5: 2158
9+5-10=4: 2337
59-03=56: 1940
5*2+6=16: 2968
42+-34=8: 2249
24-6*3=6: 2661
8+5-11=2: 2414
69-67=02: 1971
2+029=31: 1979
4+68=072: 2256
6*5/10=3: 2385
8-54/9=2: 2227
9-16/4=5: 2448
26-021=5: 2073
1*3+2=05: 2281
8-36/9=4: 2334
31+14=45: 2066
63-55=08: 1876
9*64=576: 2596
4*19=076: 2354
6*+2-4=8: 2546
64-08=56: 2024
25-8=017: 1738
071-63=8: 1755
97-30=67: 2022
93-20=73: 1781
3+4-06=1: 2257
1*4+3=07: 2228
67-64=03: 2045
2*3/6=01: 2463
042-37=5: 1826
55-49=06: 1918
8+9-7=10: 2261
5*7-32=3: 2788
9*01-6=3: 1962
2+2*7=16: 2574
9+6-08=7: 2188
7+1-06=2: 2222
38+42=80: 2039
27*2/6=9: 2342
4*5-16=4: 2707
+014-6=8: 2402
44-+38=6: 2350
038*2=76: 1614
2*4-07=1: 2272
48+24=72: 2189
32-027=5: 2122
30/5-4=2: 2295
4*4+3=19: 2619
6*8-9=39: 2748
44-09=35: 1926
9+43=052: 2053
092-87=5: 1813
41-07=34: 2088
27-19=+8: 1668
774/86=9: 2412
53-22=31: 2243
46-05=41: 1922
4*3-05=7: 2240
51/3-9=8: 2037
1*9-3=06: 2118
7+8/2=11: 2239
31-03=28: 2027
552/69=8: 2307
1*6/02=3: 2397
1*6/2=03: 2370
6+07-8=5: 2315
8*2+7=23: 2379
041-39=2: 1744
2*14/4=7: 2882
60+15=75: 1986
47+43=90: 1964
63-02=61: 2194
9+035=44: 2033
3*025=75: 2124
8-06+2=4: 2576
19+22=41: 1872
026*3=78: 1590
51-05=46: 2075
8-6/1=02: 2391
45+25=70: 2013
1+05-4=2: 2304
14-2*4=6: 2396
9*1-2=07: 2174
46+18=64: 2420
92-39=53: 2485
9+6/1=15: 2313
4*9-27=9: 2867
6+02-1=7: 2101
9+024=33: 1975
12-+4=08: 1866
54-053=1: 2208
62*8=496: 2691
3*1+2=05: 2311
5*3-09=6: 2175
081-75=6: 1793
17+6=023: 1819
92-29=63: 2259
9*1-03=6: 2197
2+04*1=6: 2160
5*24=120: 2944
9*2-14=4: 2785
27+8=035: 1904
70/+14=5: 1995
86-70=16: 1978
60+37=97: 2046
581/83=7: 2402
36-034=2: 2133
1+8-06=3: 2212
3*5-09=6: 2208
1*2+3=05: 2216
49-042=7: 2098
26-01=25: 1781
3*6-15=3: 2820
23-18=+5: 1671
81-43=38: 2494
16+8=024: 1806
14+14=28: 1904
712/8=89: 2197
5-24/6=1: 2468
24+66=90: 2034
3+06-8=1: 2263
48+16=64: 2406
4+2*5=14: 2870
26-3*6=8: 2409
42/+07=6: 1962
25-024=1: 2083
7*8-5=51: 2507
1+6-2=05: 2365
240/5=48: 2176
85-10=75: 1943
9-15/3=4: 2417
8+05-6=7: 2265
456/57=8: 2347
5+09-6=8: 2398
2+057=59: 2070
2*5-07=3: 2222
63/9+1=8: 2221
02*18=36: 1461
8+3*5=23: 2733
053+8=61: 1694
5*7-33=2: 2594
45-042=3: 2216
+48*2=96: 1910
1+8-5=04: 2178
738/82=9: 2230
4*8+1=33: 2647
+18*3=54: 2002
7+8/04=9: 2257
12+0-4=8: 2091
-8+34=26: 1586
053-46=7: 1882
9*9-5=76: 2523
73-72=01: 2134
2*8-09=7: 2070
7*5-33=2: 2614
3*5+3=18: 2718
9+73=082: 2140
576/72=8: 2381
49-01=48: 1861
35-12=23: 2303
27*8=216: 2430
9*3-24=3: 2773
1+052=53: 2143
6+9-0=15: 2165
6+2*6=18: 2877
9+53=062: 2092
4*7-9=19: 2838
74*2=148: 2387
04*13=52: 1408
1+7-03=5: 2221
3*7-7=14: 2692
6+75=081: 2260
074-65=9: 1810
5*8+6=46: 2759
037-28=9: 1775
5+02-1=6: 2235
3*12/6=6: 2949
3+039=42: 1958
747/9=83: 2063
1*05+3=8: 2224
2*+36=72: 2147
2+061=63: 2233
1+5*6=31: 2415
081-2=79: 1548
9+7-5=11: 2299
513/57=9: 2380
9+8*1=17: 2383
10-7+6=9: 2248
68+12=80: 2112
092-5=87: 1560
4*3-07=5: 2206
63-061=2: 2285
3+8*4=35: 2547
6*3-13=5: 2653
25-9=016: 1762
567/81=7: 2446
2*21/6=7: 2750
71-64=07: 2246
12+31=43: 2029
47-06=41: 2026
79-60=19: 2005
91-29=62: 2343
1+08-2=7: 2425
8*9-64=8: 2870
48+-2=46: 2219
63-062=1: 2357
10/5+4=6: 2310
33-+7=26: 2210
18-06=12: 1407
8*+3/4=6: 2552
7*9-5=58: 2462
34/2=017: 1751
7*8+8=64: 2641
4+2-05=1: 2381
12+42=54: 2409
7-45/9=2: 2292
95-30=65: 1918
90/+15=6: 2049
5*3-07=8: 2166
33-19=14: 1742
5+9/1=14: 2168
89-69=20: 2174
019*2=38: 1676
8*9-71=1: 2377
27-024=3: 1978
2*8+1=17: 2217
38-+32=6: 2342
2*8+9=25: 2352
87/029=3: 1712
12/4*2=6: 2590
081-76=5: 1757
3*95=285: 2691
64-01=63: 1981
6*9+8=62: 2537
51+21=72: 2023
30+64=94: 1959
29-25=04: 1655
7+6-12=1: 2566
7+8-09=6: 2121
1*3+5=08: 2137
7*1-03=4: 2236
4+5/1=09: 2295
41-033=8: 2091
7-12/6=5: 2402
3*9+5=32: 2460
5+4/02=7: 2305
31-022=9: 2141
16-02=14: 1404
9*4-27=9: 3027
1*8-5=03: 2133
9+06-8=7: 2196
31+39=70: 1942
92-10=82: 1820
306/34=9: 2460
21-+14=7: 2229
8/4*3=06: 2507
288/4=72: 2754
42+12=54: 2438
71-55=16: 1933
4*7/14=2: 2817
207/9=23: 1998
32-+7=25: 2132
3*023=69: 1869
7*6+8=50: 2143
048*2=96: 1537
7-9+04=2: 2190
19+6=025: 1812
14-2*7=0: 2016
4*7-21=7: 2920
86-82=04: 2083
57-54=03: 1944
2+01*4=6: 2038
567/7=81: 2233
41-9=032: 2038
2+01*6=8: 2100
47-041=6: 2100
1+4-03=2: 2285
45-043=2: 2149
1+6-04=3: 2257
49-02=47: 1925
68/4=017: 1774
6*2-+4=8: 3159
69*4=276: 2620
7*78=546: 2837
2+04-5=1: 2318
5+7-0=12: 2193
86-082=4: 2225
46-7=039: 1734
9*7-8=55: 2585
2+4*3=14: 2772
8+1-04=5: 2306
17-012=5: 1741
21-3*7=0: 2148
26-8*3=2: 2539
12+87=99: 1907
078/2=39: 1679
5*+16=80: 1920
1+8/04=3: 2205
9*2+5=23: 2421
15-02=13: 1533
7+5*4=27: 3012
2*7+9=23: 2351
17+53=70: 2057
9+75=084: 2212
085-6=79: 1531
51-25=26: 2242
62*7=434: 2581
9*1-5=04: 2232
79-30=49: 2027
5+06/2=8: 2326
7*1+9=16: 2214
60-51=+9: 1960
6+8+9=23: 2381
78/39=+2: 1603
2*6+-8=4: 2932
9+16=025: 2258
8+5-09=4: 2241
54-051=3: 2191
5+01-2=4: 2150
9*1-4=05: 2234
1*02+3=5: 2228
14-4*2=6: 2489
12-2*3=6: 2303
18+62=80: 2153
7+2/1=09: 2170
41+20=61: 1680
31-08=23: 2141
93-86=+7: 1844
9-8+2=03: 2241
72-67=05: 2121
31-023=8: 2194
5+01-4=2: 2169
5+8-12=1: 2510
1+18/6=4: 2666
16-04=12: 1419
6-1*02=4: 2237
64/8-5=3: 2185
12+14=26: 1798
8*9-9=63: 2651
9+1-04=6: 2231
1+08-6=3: 2471
2+067=69: 2122
1+8-7=02: 2157
6+1-02=5: 2363
37-032=5: 2162
8-9+3=02: 2242
28/+4=07: 1887
2+42/7=8: 2492
4-02+3=5: 2485
1*7-2=05: 2249
70-61=+9: 1924
6+043=49: 1989
6+032=38: 1964
8+5*4=28: 2886
6+17=023: 2310
27*2/9=6: 2292
12*1-4=8: 1963
9-64/8=1: 2264
061-57=4: 1768
9-7+2=04: 2291
7-9+4=02: 2227
40+56=96: 1975
91*4=364: 2552
61-8=053: 1858
3*2+5=11: 2398
6*1+03=9: 2237
3*6-16=2: 2824
8+1-05=4: 2328
1+4/02=3: 2351
57-56=01: 2023
11+32=43: 2195
4-6+10=8: 2183
+24-6=18: 1912
073-65=8: 1850
2+3/01=5: 2421
5-3+8=10: 2374
78-67=11: 2028
5*6/30=1: 2363
26-9=017: 1796
16+83=99: 1938
6*4/24=1: 2883
5+3/01=8: 2307
9*17=153: 2392
3+6-08=1: 2204
42/+06=7: 2018
10-8+5=7: 2427
2*7-05=9: 2169
56-02=54: 1982
8*2-07=9: 2149
7+9/3=10: 2235
98-20=78: 1855
76-13=63: 2409
68+5=073: 1871
6+3*7=27: 3052
55-48=07: 1921
76-11=65: 1832
53-08=45: 2100
5+8/04=7: 2220
+08*3=24: 2138
2*9/18=1: 2630
21-05=16: 1624
7/56*8=1: 2440
8*3/12=2: 2819
1*8-03=5: 2156
2*+28=56: 2067
037+8=45: 1631
41*8=328: 2836
9+8-10=7: 2309
3+6/01=9: 2322
62-55=07: 1997
3*91=273: 2677
+68/2=34: 2017
64+22=86: 2253
7+01-3=5: 2122
7+1*9=16: 2303
42-+6=36: 2456
1*35/7=5: 2968
81-2=079: 1747
6-18/9=4: 2531
7+6/3=09: 2231
8+27=035: 2212
17-12=05: 1394
3+2-04=1: 2315
1+3*2=07: 2341
4+3-06=1: 2297
43+47=90: 1972
71*6=426: 2756
67-51=16: 1909
+96/2=48: 2056
7*5+3=38: 2542
7*2+0=14: 2179
8*1+5=13: 2290
8+8-2=14: 2719
21+30=51: 1757
2*3+01=7: 2280
7+9-0=16: 2037
14+31=45: 1869
7*3+7=28: 2783
82-04=78: 2139
3*2/06=1: 2488
75-40=35: 1942
14+28=42: 2224
44-05=39: 1934
4*4+5=21: 2704
80-+1=79: 1821
1*6+9=15: 2185
3*9-8=19: 2718
6-27/9=3: 2399
13+86=99: 2003
8+7-06=9: 2235
42/+7=06: 1876
33+18=51: 2139
8*2-13=3: 2833
79+3=082: 1865
5*1+8=13: 2250
31+21=52: 2037
4+09-5=8: 2448
7+6-11=2: 2379
5*+14=70: 1857
4*1+3=07: 2328
8+9*3=35: 2671
59-58=01: 2052
9+1-4=06: 2266
2*+45=90: 1873
26+30=56: 1974
1*09-3=6: 2302
7+3-01=9: 2250
8+8-4=12: 2699
2+4-05=1: 2369
13+38=51: 2087
5*8/40=1: 2398
82-78=04: 2145
60/5-4=8: 2228
49-25=24: 2085
1*15-9=6: 2327
26-08=18: 2124
28-05=23: 1746
34-07=27: 2241
2*+6/3=4: 2688
10+65=75: 2009
2*6+1=13: 2398
9+7-11=5: 2322
3*+06=18: 2059
45-6=039: 1703
24+08=32: 1865
2*7+1=15: 2344
38-02=36: 1904
26+42=68: 2224
82-58=24: 2264
4*5/20=1: 2493
3+061=64: 2136
7*91=637: 2749
83-34=49: 2283
51-06=45: 2189
7*7-8=41: 2666
23+24=47: 2166
76/38=+2: 1567
2+056=58: 2125
6+6*7=48: 2634
1+2*4=09: 2288
18+24=42: 2221
59+4=063: 1762
6*7-39=3: 2712
031-26=5: 1883
42+30=72: 1770
16/2*1=8: 2225
2*+15=30: 1948
079+6=85: 1601
86/2=043: 1749
51-9=042: 1992
6*6-29=7: 2719
7*6-35=7: 2948
5*4-16=4: 2648
8-4+2=06: 2376
20-13=+7: 1839
14-+06=8: 1856
3*1+4=07: 2312
43-042=1: 2188
637/7=91: 2134
53-05=48: 1980
14+12=26: 1767
12*2/3=8: 2379
7+54=061: 2214
82/41=02: 2165
16+35=51: 2024
46-+8=38: 2475
7+2*1=09: 2263
8+5-0=13: 2177
2*6-05=7: 2271
39+7=046: 1957
038/19=2: 2021
87/29=+3: 1574
14*1-8=6: 1894
2-8+10=4: 2222
48+-6=42: 2217
5+3-07=1: 2266
9*7-9=54: 2630
75-60=15: 1942
8*6/48=1: 2963
5+08-6=7: 2417
1*9+4=13: 2157
14+47=61: 2027
31-5*6=1: 2306
3*2-05=1: 2400
76-63=13: 2485
8+1-02=7: 2258
054/18=3: 2033
581/7=83: 2128
6*3-15=3: 2756
39-02=37: 1922
5*69=345: 2898
28+40=68: 1987
16+7=023: 1848
1*9+6=15: 2199
30+67=97: 2130
39+20=59: 2049
6+8*7=62: 2627
1+08-4=5: 2435
9+6/3=11: 2322
22-19=03: 1834
5*5+3=28: 2558
38/2=019: 1742
8-13+7=2: 2359
1*03+2=5: 2274
19+4=023: 1695
657/73=9: 2294
1*5+8=13: 2193
1+8*2=17: 2216
9*4+6=42: 2535
2*6-07=5: 2237
24+23=47: 2137
9-15+8=2: 2387
3*1+04=7: 2260
047-38=9: 1802
7*8+6=62: 2596
1+3*5=16: 2276
24+30=54: 1880
2+7*1=09: 2286
2*+31=62: 2359
22-015=7: 2077
54-25=29: 2078
18/9+5=7: 2303
07*12=84: 1450
6+01-3=4: 2093
5+76=081: 2280
7+042=49: 1953
1+5*4=21: 2524
3*5-12=3: 2915
37+20=57: 1966
64-06=58: 1928
7+2*8=23: 2460
22-017=5: 2044
14-8*1=6: 2279
4+01-2=3: 2162
4*1+03=7: 2246
96-70=26: 2026
24-03=21: 1883
12+06=18: 1631
3*63=189: 2592
1+7-02=6: 2253
1+8-04=5: 2212
81-75=+6: 1896
2+2*6=14: 2638
94*3=282: 2370
4+047=51: 2047
9*73=657: 2683
3+5-07=1: 2282
84-76=08: 2211
6+01-4=3: 2114
5*6+7=37: 2841
1+067=68: 2145
07+54=61: 1403
081/3=27: 1750
9*3-23=4: 2649
35+23=58: 2260
228/6=38: 2750
21-08=13: 1635
098/7=14: 1703
112/4=28: 2185
9*63=567: 2510
3-02+8=9: 2429
8/6*3=04: 2486
92-82=10: 2047
3*01+2=5: 2233
1+058=59: 2105
36*7=252: 2564
8+05-9=4: 2178
9+26=035: 2165
89-59=30: 2141
7*9+0=63: 2044
3+04/2=5: 2291
7+4*5=27: 2983
33-+4=29: 2309
2+1*3=05: 2353
46-045=1: 2177
89-39=50: 2048
5*6-26=4: 2652
057/3=19: 1683
33-15=18: 1751
8*72=576: 2591
2+7/1=09: 2178
5-6+3=02: 2385
02*19=38: 1424
52+10=62: 1857
25-04=21: 1892
2*6+6=18: 2707
8+023=31: 2084
4*+03=12: 2133
8-9+03=2: 2231
3+7-01=9: 2183
1+8*5=41: 2308
64-55=09: 1935
045-39=6: 1745
9+7-0=16: 2094
2+42/6=9: 2563
65-57=08: 1944
97-40=57: 1969
6+7*4=34: 2765
7+8/4=09: 2210
28-025=3: 2015
9*5/3=15: 2774
1*4+03=7: 2174
1*6+03=9: 2147
079+2=81: 1678
75-73=02: 2124
8*3-18=6: 2792
1+2*3=07: 2304
6*01/2=3: 2359
75-69=06: 2013
035-28=7: 1786
+72-9=63: 1992
8*7/4=14: 2841
71*4=284: 2601
3*8*1=24: 2505
8+035=43: 2108
28+14=42: 2291
24/+08=3: 1922
8*2+9=25: 2444
17+24=41: 1999
9+6-0=15: 2207
+18*4=72: 2005
15-13=02: 1409
7*4/14=2: 2794
5*8-33=7: 2606
4+5-08=1: 2317
+17*4=68: 2054
2+8-1=09: 2305
2-04+8=6: 2519
2*+6-4=8: 2700
078/26=3: 2007
10+76=86: 2101
6-4*01=2: 2221
2+10/5=4: 2747
7+02-8=1: 2094
4+01-3=2: 2180
5+9*3=32: 2643
9*41=369: 2718
4*+09=36: 1911
1+063=64: 2157
5+1*8=13: 2333
8-1*6=02: 2284
9*8-71=1: 2372
48+-42=6: 2367
1*5+7=12: 2246
75-66=09: 1955
51+20=71: 1694
37+53=90: 1893
5+2*3=11: 2512
42+-6=36: 2452
36+-8=28: 2516
5+9-0=14: 2092
4+01*2=6: 2049
53-04=49: 1979
065+9=74: 1619
8+9*1=17: 2404
49-24=25: 2052
5+26=031: 2372
12-+08=4: 1870
23-9=014: 1772
7-13+8=2: 2314
9-03+2=8: 2445
2*+46=92: 2210
98-40=58: 1897
6+08-9=5: 2364
7+3*3=16: 2809
5*7+2=37: 2708
5+09-8=6: 2374
4*1+9=13: 2222
9*1-06=3: 2218
8*1-05=3: 2272
9-4*1=05: 2274
7*8/14=4: 2878
1+6-02=5: 2359
074+9=83: 1675
056-47=9: 1783
052-49=3: 1840
40-39=+1: 1889
1*5-03=2: 2353
8-02+3=9: 2441
6*9+0=54: 1918
79-40=39: 2002
7+5-0=12: 2217
58+10=68: 2053
747/83=9: 2290
9-56/8=2: 2283
26-13=13: 1947
92-63=29: 2454
5*017=85: 2191
8+7-0=15: 2165
1+6-03=4: 2234
8-01*2=6: 2154
1+4*02=9: 2236
1*9+3=12: 2224
6*7/2=21: 2643
4*7+9=37: 2708
33+-6=27: 2220
27-021=6: 2058
5*02-9=1: 2163
28-3*8=4: 2456
42-5*8=2: 2387
04*18=72: 1385
3-02+6=7: 2412
203/29=7: 2261
9+1-6=04: 2259
3+3*8=27: 2604
035-27=8: 1774
84/7=012: 1961
4+037=41: 2047
31*8=248: 2816
16+20=36: 1981
22-+14=8: 2255
6+02*1=8: 2082
53*4=212: 2466
079+4=83: 1648
17*2=034: 1887
16+26=42: 2415
3+5*01=8: 2264
7*2-09=5: 2159
7+051=58: 2079
4*5+9=29: 2876
6+4-09=1: 2172
2*3-05=1: 2397
3-02+5=6: 2525
4+1*9=13: 2319
3*27/9=9: 3158
4/2+06=8: 2421
43-05=38: 1890
27*4=108: 2130
16*1/2=8: 2122
33-026=7: 2209
64-061=3: 2251
6+7-12=1: 2559
67-36=31: 2403
87*6=522: 2551
37-02=35: 1931
093-6=87: 1571
6-1*04=2: 2259
3+4*4=19: 2732
68-65=03: 1966
3*9+8=35: 2508
42-+3=39: 2170
1*6+3=09: 2146
6+1-5=02: 2334
6*7+6=48: 2649
+45-7=38: 1963
51-07=44: 2036
4+10/2=9: 2660
6-8+04=2: 2302
27-18=+9: 1711
42+06=48: 1991
7*4+5=33: 2616
51-04=47: 2019
83-70=13: 1952
31+31=62: 2122
15-03=12: 1481
9-4*2=01: 2307
5-9+6=02: 2308
063+8=71: 1665
84/6-9=5: 2055
2*5+4=14: 2892
5*2+3=13: 2900
6+3*3=15: 2826
7-3+2=06: 2304
7*3+1=22: 2672
1+7-5=03: 2211
9*43=387: 2364
5+10-7=8: 2535
6+5*4=26: 2815
6*33=198: 2638
1*5-02=3: 2329
087+5=92: 1553
7-3*2=01: 2370
61-7=054: 1847
31-6*5=1: 2368
23-2*7=9: 2191
36+10=46: 1961
6-2+4=08: 2369
86-43=43: 2363
12-8+0=4: 2328
26-4*5=6: 2604
28+04=32: 1880
047-39=8: 1756
1*7+5=12: 2245
7-8+3=02: 2200
37+8=045: 1927
072-69=3: 1722
48-045=3: 2184
61+21=82: 2019
3*29=087: 2330
5*93=465: 2648
76/2=038: 1720
+46-9=37: 1987
+34-28=6: 2181
7+18=025: 2336
7-03+2=6: 2452
35/7-4=1: 2190
7*6+6=48: 2593
35+22=57: 2169
092-85=7: 1834
22-07=15: 1827
9*83=747: 2645
045-38=7: 1810
-4+72=68: 1645
1*14-9=5: 2363
3*+04=12: 2123
3*9+7=34: 2426
3+10-5=8: 2566
75-72=03: 2136
5-02+4=7: 2458
60+35=95: 1922
8+2-9=01: 2333
23-19=+4: 1656
5*6+9=39: 2861
3+10-8=5: 2543
17-015=2: 1770
20+78=98: 2110
31+12=43: 2173
305/5=61: 2391
7+8-14=1: 2500
+35-9=26: 2035
24-023=1: 2071
3*7+7=28: 2667
28-5*4=8: 2637
24+18=42: 2298
8*4+3=35: 2570
2+30/6=7: 2597
51-8=043: 1840
36-028=8: 2327
5+3*2=11: 2596
32+-8=24: 2068
7*1-04=3: 2276
8*4+1=33: 2732
7*1-05=2: 2291
1*7+8=15: 2174
4-8+7=03: 2297
30-29=+1: 1909
7+6/03=9: 2261
9-48/6=1: 2513
48-05=43: 1968
4*2+3=11: 2415
1+2*7=15: 2319
69+5=074: 1852
6+9*4=42: 2622
49/7-2=5: 2113
94-84=10: 1969
9+64=073: 2160
9+65=074: 2159
+68/34=2: 2186
65-062=3: 2270
1+07-5=3: 2397
8*7-7=49: 2585
6+7-11=2: 2378
38-+2=36: 2170
41-038=3: 2307
32+40=72: 1790
6-14+8=0: 2734
3*01+5=8: 2095
49-03=46: 1954
8+7/1=15: 2260
93-13=80: 1904
27+43=70: 2063
27-03=24: 1747
+46-7=39: 1972
7*1-02=5: 2277
3*6+3=21: 2733
34-9=025: 1831
71-34=37: 2608
53-051=2: 2218
7*2+3=17: 2987
6*6+1=37: 2697
87-50=37: 2013
24+17=41: 2032
35+18=53: 2543
6/3+2=04: 2338
6-7+3=02: 2223
3*3+7=16: 2671
9*7-5=58: 2507
3-8+7=02: 2251
6/3+8=10: 2445
4*1+05=9: 2232
32-6*5=2: 2524
063-59=4: 1749
7-9+6=04: 2282
7+85=092: 2145
8*1+7=15: 2275
5*2+8=18: 3021
3+5*2=13: 2996
50+43=93: 1828
9*+04=36: 2007
2*6-+4=8: 3142
40/5-6=2: 2306
043*2=86: 1697
1*35/5=7: 2873
2*1+3=05: 2298
27+30=57: 2063
75+6=081: 1973
5-02+6=9: 2452
4*7+5=33: 2562
35*+2=70: 1890
5*5-16=9: 2736
60/4-7=8: 2158
35-9=026: 1830
42-8*5=2: 2585
4*6-17=7: 2935
3+6*3=21: 2819
6*5/30=1: 2404
1+5-04=2: 2299
9*01-7=2: 2007
93-34=59: 2528
5*37=185: 2899
48-07=41: 1966
6-3+7=10: 2352
48-047=1: 2189
+17*2=34: 2095
35+10=45: 2044
087/3=29: 1672
046-39=7: 1800
64-058=6: 2270
93-40=53: 1840
26-025=1: 2116
2*89=178: 2905
47-02=45: 1921
45/9+1=6: 2261
2+3-04=1: 2339
92-71=21: 1954
5-9+7=03: 2310
7*5-28=7: 2969
7+036=43: 2197
576/64=9: 2261
34-17=17: 2044
2*4+3=11: 2409
8*7-5=51: 2608
1+08-5=4: 2437
36/+04=9: 1965
9+1-06=4: 2260
87-60=27: 2100
29-01=28: 1820
38-01=37: 1810
28/02=14: 2042
87-11=76: 1914
057+4=61: 1633
24+48=72: 2186
44-035=9: 2204
40/5-1=7: 2380
35-01=34: 1833
36+15=51: 2051
29-28=01: 1817
25+33=58: 2336
6-3+2=05: 2392
6*8+6=54: 2565
5+2*9=23: 2517
3+7-9=01: 2227
9+046=55: 2134
48+10=58: 1984
6*+14=84: 2411
6*+12=72: 2308
28-01=27: 1752
5+3*6=23: 2753
3*7-18=3: 2749
073+9=82: 1614
6+03-8=1: 2135
9-12/3=5: 2360
035-29=6: 1806
20+76=96: 2088
9*1+7=16: 2217
38-09=29: 2130
21+61=82: 2087
9+039=48: 2176
8-14+6=0: 2756
8-06*1=2: 2329
6/2+1=04: 2337
3-7+6=02: 2281
42/+6=07: 1926
8+2-1=09: 2366
7*1+8=15: 2259
41-04=37: 2037
24/3+0=8: 2161
75-74=01: 2174
8+1-07=2: 2230
28/7-3=1: 2224
21+51=72: 2090
64+20=84: 1884
95-36=59: 2492
2*01+3=5: 2206
+39*2=78: 1812
37-01=36: 1908
59-45=14: 2315
2*4+01=9: 2211
7*82=574: 2536
093-7=86: 1540
1*7-4=03: 2149
4-6/3=02: 2326
9+1*7=16: 2324
33-+8=25: 2310
16*3/6=8: 2548
7+28=035: 2266
3+4*01=7: 2270
054+7=61: 1644
3*5-07=8: 2135
15+38=53: 2499
2*037=74: 2063
79-52=27: 2400
3+3*7=24: 2614
5*1+04=9: 2262
3+09-8=4: 2386
40-32=08: 2154
39+6=045: 1837
5-1*2=03: 2346
1+12-9=4: 2358
68-59=09: 2108
11+2-4=9: 2176
9*5-4=41: 2649
74-73=01: 2191
27-01=26: 1769
37*4=148: 2552
3*9-9=18: 2653
8+5-12=1: 2593
120/5=24: 2158
42-033=9: 2088
6*1+3=09: 2195
78-73=05: 2127
8+031=39: 2033
30/6-4=1: 2365
15+83=98: 1840
97-60=37: 2083
9+74=083: 2192
+86/2=43: 2037
43-07=36: 1950
28+44=72: 2190
2+9*6=56: 2780
13+41=54: 1935
9-06+2=5: 2641
31-029=2: 2302
6*+2-8=4: 2492
8*47=376: 2771
81-74=07: 2275
2-4+10=8: 2250
46+-8=38: 2452
88-34=54: 2454
70/+5=14: 1825
9+37=046: 2282
95-41=54: 2322
9*3-8=19: 2867
78*3=234: 2421
9*9-3=78: 2567
9*61=549: 2746
7+01-2=6: 2148
9+8-16=1: 2526
83-35=48: 2410
76-74=02: 2097
8+9/3=11: 2361
45/9-3=2: 2161
18*7=126: 2104
58-01=57: 1880
9+013=22: 2052
9-5*1=04: 2306
9+019=28: 2298
6+8*5=46: 2777
18/+03=6: 2019
3*7-13=8: 2654
59-14=45: 2362
4+24/6=8: 2776
2+5/01=7: 2389
53-6=047: 1728
5-4+2=03: 2367
1*8+9=17: 2157
4+6-09=1: 2209
1*4+05=9: 2183
056-49=7: 1774
21-+17=4: 2250
37+43=80: 1947
42*8=336: 2600
13*4=052: 1957
9+6*2=21: 2712
8+1*5=13: 2382
7*1+5=12: 2346
8+6*9=62: 2648
2*+29=58: 1956
79+5=084: 1957
8+8-12=4: 2785
3+8*5=43: 2664
14/+02=7: 2016
8+01-2=7: 2128
7+034=41: 2055
037-29=8: 1723
21-+13=8: 2224
7+032=39: 1976
8-15+9=2: 2384
6-02+5=9: 2449
33-027=6: 2139
38+28=66: 2613
2*05-9=1: 2306
20-8*2=4: 2680
7*5+2=37: 2854
082-79=3: 1724
6*59=354: 2785
1+2*8=17: 2275
49-041=8: 2072
8-7+3=04: 2358
8+04-9=3: 2210
3+2/01=5: 2437
39-38=01: 1916
61-9=052: 2002
3*+6/2=9: 2709
85-53=32: 2371
16-8*2=0: 2263
8/2+6=10: 2423
9-13+8=4: 2272
91-72=19: 2234
69+4=073: 1909
96-10=86: 1888
42-09=33: 1999
301/7=43: 2391
7-5+2=04: 2343
29-023=6: 1990
5-1*3=02: 2290
7-06+2=3: 2609
43-06=37: 2020
33-04=29: 1963
6+9+8=23: 2417
63-07=56: 2044
54-048=6: 2155
2*+14=28: 2149
24-9*2=6: 2394
10+75=85: 2149
32/+8=04: 1861
8+07-6=9: 2303
33-+24=9: 2406
3*1+6=09: 2245
9+01-4=6: 2019
7*41=287: 2758
7+01-5=3: 2126
1+053=54: 2087
054+9=63: 1614
49/7-6=1: 2110
95-20=75: 1873
5*9/15=3: 2770
8*+02=16: 2196
6/1+2=08: 2335
92-43=49: 2335
85-52=33: 2447
13-6*1=7: 2215
2*03+1=7: 2270
24-017=7: 2347
81-76=+5: 1914
7-8+4=03: 2327
4-02+7=9: 2398
+72-8=64: 1965
2+8-9=01: 2231
22+46=68: 2293
47+14=61: 2067
7*5/1=35: 2709
53*6=318: 2414
6-08+4=2: 2744
3+04-6=1: 2235
52-+4=48: 2191
12-1*8=4: 2055
18-03=15: 1373
1+8-05=4: 2237
+62-9=53: 2005
33-+26=7: 2406
9*3-9=18: 2805
31-028=3: 2293
6-9+7=04: 2259
29-025=4: 2036
8+9-16=1: 2528
8/24*6=2: 2945
47-046=1: 2216
1*3+4=07: 2221
1+4*5=21: 2463
78/3=026: 1761
54-6*9=0: 2000
546/78=7: 2437
18+-12=6: 1978
56-048=8: 2253
37-9=028: 1873
8-02*1=6: 2166
+014-8=6: 2416
45-02=43: 1956
8+041=49: 2049
8+01-6=3: 2121
85-70=15: 2028
16*3/8=6: 2676
2*+27=54: 2010
5*2+7=17: 3040
098/14=7: 2014
71-67=04: 2143
7*4*1=28: 2481
12+04=16: 1640
9+4/2=11: 2445
54+11=65: 1971
22+19=41: 1932
5+04-8=1: 2215
39-032=7: 2164
71-9=062: 1971
6*5+4=34: 2671
079+5=84: 1633
36-9=027: 1836
3/06*8=4: 2511
18+40=58: 2002
308/4=77: 2432
91-6=085: 1877
3-02+7=8: 2383
6-2/1=04: 2332
80+16=96: 1947
6+01*2=8: 2095
78*8=624: 2692
25+45=70: 2039
4*+23=92: 2099
22-03=19: 1784
81-79=+2: 1829
3*02+1=7: 2218
7+7*3=28: 2717
2*+41=82: 2333
96*3=288: 2545
7+08-6=9: 2323
29*4=116: 2047
72-8*9=0: 2161
21+31=52: 2085
43-041=2: 2170
5*1+7=12: 2288
14+20=34: 1918
27+9=036: 1933
33+57=90: 1923
4+5*6=34: 2665
19-12=07: 1400
26+16=42: 2467
20-17=+3: 1824
6+1-05=2: 2348
6*5+9=39: 2874
32-+25=7: 2364
18+48=66: 2587
62-6*9=8: 2470
+47-9=38: 2001
9*71=639: 2780
8*7+2=58: 2802
32+25=57: 2168
4-8+06=2: 2319
9-6+2=05: 2377
23-7*2=9: 2427
60/4-8=7: 2166
91-5=086: 1786
7-9+5=03: 2348
4+3/01=7: 2372
51-045=6: 2248
086+7=93: 1638
18+46=64: 2368
38-+9=29: 2517
28-16=12: 1631
3-9+8=02: 2239
76-72=04: 2072
32-+5=27: 2129
3-02+4=5: 2493
8+37=045: 2247
8*19=152: 2526
9+17=026: 2277
3-6+5=02: 2379
5*3-12=3: 2828
7+1*8=15: 2336
4*85=340: 2905
34-4*7=6: 2333
4-9+7=02: 2245
093-86=7: 1770
35-031=4: 2138
16+02=18: 1607
39*6=234: 2485
6*1+9=15: 2277
5+08-9=4: 2307
59-053=6: 2164
2+03/1=5: 2380
4+03-6=1: 2203
3+10-4=9: 2527
7*5-27=8: 2762
8*7/14=4: 2889
53-09=44: 1994
1+06-5=2: 2426
23*6=138: 2612
3*5-13=2: 2799
7+3*7=28: 2844
1*8-05=3: 2203
11+43=54: 2044
48-+6=42: 2216
34-+7=27: 2554
82-57=25: 2295
51-046=5: 2350
27/+03=9: 1966
4-2+6=08: 2378
5*7-28=7: 2881
93-50=43: 1895
82-77=05: 2180
2*+08=16: 2050
38-036=2: 2112
21+40=61: 1714
7-1*3=04: 2265
52+-8=44: 2190
12*+5=60: 1994
66-57=09: 1919
72-35=37: 2480
44+-38=6: 2343
091-86=5: 1755
9-7+3=05: 2351
02*6-4=8: 2242
5*8-38=2: 2632
33-025=8: 2198
1*3+04=7: 2224
7+29=036: 2288
6+04-1=9: 2132
12-+8=04: 1843
6+2-07=1: 2281
5*01+3=8: 2105
21-7*3=0: 2344
9*86=774: 2601
7-6+2=03: 2293
66-59=07: 1920
47+6=053: 1847
8*4*1=32: 2505
91-62=29: 2512
9-3+2=08: 2357
071-69=2: 1746
32+10=42: 1897
7*2+-6=8: 2944
9-8+02=3: 2255
5+10-8=7: 2554
034-29=5: 1764
80+12=92: 1906
43*5=215: 2523
18*2/6=6: 2667
63-06=57: 1994
3+20/5=7: 2650
5+03*1=8: 2087
83*2=166: 2571
08+65=73: 1381
1+6-5=02: 2332
+52-9=43: 2022
45-03=42: 1913
8-4/2=06: 2427
33-09=24: 1907
93-38=55: 2364
81-77=04: 2158
128/16=8: 2651
5*8+7=47: 2813
+56-9=47: 2008
19-14=05: 1399
81-73=08: 2250
92-49=43: 2305
4+5*5=29: 2736
91-12=79: 2132
+19*2=38: 2024
91-14=77: 2048
5+37=042: 2234
94-10=84: 1777
177/59=3: 2253
7+9*3=34: 2613
28-021=7: 2042
90/+45=2: 2019
6+8-12=2: 2667
35-8=027: 1773
26+9=035: 1943
67-62=05: 2050
17-02=15: 1452
83-49=34: 2302
21+24=45: 2360
3+1*6=09: 2343
9*1+3=12: 2343
420/5=84: 2373
6*9-45=9: 2846
97-50=47: 2007
5+4*4=21: 2813
2*04+1=9: 2294
6-8+5=03: 2332
017*4=68: 1682
8+65=073: 2210
8*9/18=4: 2895
58-051=7: 2163
24+01=25: 1836
4*8*1=32: 2456
9*81=729: 2751
7+3-09=1: 2206
45-8=037: 1783
92-80=12: 1963
3+5*5=28: 2692
2*04-2=6: 2674
53+37=90: 1812
64-056=8: 2170
95-39=56: 2435
12+03=15: 1694
92-46=46: 2380
1*3+9=12: 2264
1+7-05=3: 2265
6*+2/3=4: 2475
49/7-5=2: 2145
7-1*2=05: 2305
2*3/06=1: 2513
12*04=48: 2033
4/02+6=8: 2458
9+4*5=29: 2995
+34-9=25: 1972
5+1*7=12: 2362
56-04=52: 2007
16-2*7=2: 2359
7*8+1=57: 2834
27/3-8=1: 2048
53-7=046: 1765
79-57=22: 2325
16-1*7=9: 1999
46+7=053: 1905
58*7=406: 2262
12-+03=9: 1999
12/+03=4: 1990
78-72=06: 2091
41+13=54: 2031
5*5+4=29: 2617
41-08=33: 2036
58-052=6: 2193
64-57=07: 2114
2*1+05=7: 2285
+19*4=76: 1982
4+06-1=9: 2210
11-4+2=9: 2452
2+12-6=8: 2582
6/2+4=07: 2352
45+11=56: 1936
7*37=259: 2795
039*2=78: 1557
83*6=498: 2712
88-41=47: 2348
3*8-23=1: 2743
3+7*7=52: 2689
6/24*8=2: 2943
6+1*9=15: 2367
55-07=48: 2008
1*9-6=03: 2072
55-06=49: 1989
7+9-3=13: 2742
49-06=43: 1994
6*7-35=7: 2851
1+3*6=19: 2291
120/15=8: 2146
062-59=3: 1782
1*45/5=9: 2866
98-70=28: 2048
34+34=68: 2319
7-4+2=05: 2350
4*3+3=15: 2668
8-6+3=05: 2349
7*8-53=3: 2659
15+84=99: 1951
091-84=7: 1774
32-7*4=4: 2573
17-13=04: 1374
85-60=25: 2030
7-6/2=04: 2294
19-014=5: 1721
602/86=7: 2461
67-16=51: 2001
8+1*7=15: 2358
1*2+05=7: 2249
019*3=57: 1628
8-6*01=2: 2255
64-063=1: 2264
33+-7=26: 2190
20-2*6=8: 2442
29-024=5: 2019
29-03=26: 1767
33-+27=6: 2358
68-01=67: 1955
4*+3/2=6: 2580
81-48=33: 2507
1+07-6=2: 2356
7-6+3=04: 2329
17-013=4: 1682
4-02+5=7: 2451
2+8-01=9: 2258
7+2*3=13: 2993
3+4*2=11: 2499
9+76=085: 2183
44-039=5: 2155
24+10=34: 1981
9-56/7=1: 2436
061-59=2: 1776
8+7-09=6: 2181
9*6+0=54: 2017
23-2*8=7: 2174
28/4=1+6: 2385
62+24=86: 2264
1+7-6=02: 2236
49+7=056: 1843
5-4+1=02: 2397
5*29=145: 3046
38+-6=32: 2114
8*3-21=3: 2825
7+055=62: 2084
053-47=6: 1840
46+26=72: 2336
91-74=17: 2179
8+9-10=7: 2302
10+73=83: 2069
3*1+06=9: 2214
8-1*3=05: 2254
3*8+7=31: 2568
36-05=31: 1961
60-44=16: 2534
8/2*1=04: 2545
36-035=1: 2217
7*7+3=52: 2600
58*6=348: 2676
1*9-03=6: 2103
27-9=018: 1808
24+7=031: 1945
9+7-3=13: 2811
7+9-15=1: 2408
83-44=39: 2308
8+045=53: 2104
22-5*3=7: 2356
2-06+8=4: 2612
071-68=3: 1802
4-27/9=1: 2490
7*3-18=3: 2693
1*8*3=24: 2360
6+1*3=09: 2298
7+38=045: 2275
102/34=3: 2593
19-13=06: 1366
6*4-17=7: 2899
4/03*6=8: 2361
40+53=93: 1873
27-8=019: 1752
13-1*6=7: 2133
38+-2=36: 2175
32-+27=5: 2312
53-045=8: 2196
49-07=42: 1869
2+054=56: 2143
33-024=9: 2175
18-15=03: 1328
-6+35=29: 1617
5+4*7=33: 2641
59-15=44: 2301
1*9-2=07: 2105
8+7-14=1: 2499
3*3+9=18: 2628
7+8+9=24: 2330
5*9-4=41: 2549
24/4*1=6: 2673
4*9+7=43: 2527
7-03+4=8: 2473
6*4-4=20: 2917
4*98=392: 2761
76-072=4: 2225
43-08=35: 1933
33-+9=24: 2266
75-67=08: 2075
2*14=028: 2671
6-9+5=02: 2307
26+64=90: 2006
46-+38=8: 2539
6+052=58: 2073
10+7-8=9: 2037
29+30=59: 2133
3+05/1=8: 2334
88-14=74: 2492
92*7=644: 2619
4-08+6=2: 2762
2+5*7=37: 2924
36/4=1+8: 2413
2-6+8=04: 2329
5*1+2=07: 2326
60-14=46: 2554
60-16=44: 2482
9+8-17=0: 2373
1*7-03=4: 2182
16+12=28: 1736
096/48=2: 1983
9+1-7=03: 2290
8*5+3=43: 2712
1+14-6=9: 2485
52-+8=44: 2218
4+052=56: 2092
11+3-5=9: 2094
38-4*8=6: 2488
4*+24=96: 2181
1+6*2=13: 2424
9*8-68=4: 2666
20+73=93: 2008
2*8/4=04: 3091
47-9=038: 1831
1+6*6=37: 2765
38+06=44: 2022
5*3-08=7: 2160
38+-32=6: 2350
9+4*7=37: 2947
92-69=23: 2405
5-3+2=04: 2357
4*6-4=20: 2978
84-81=03: 2104
168/21=8: 2671
42-+9=33: 2229
076/38=2: 1955
64-03=61: 2060
5-9+06=2: 2262
1+9/3=04: 2149
28-+23=5: 2175
6+4*9=42: 2561
93-83=10: 2034
8*+3/6=4: 2528
45/9-2=3: 2171
73*6=438: 2579
32+21=53: 2339
21+50=71: 1779
32+36=68: 2344
63-7*9=0: 2138
38*7=266: 2637
4*02+1=9: 2207
+84/12=7: 2204
4-9+07=2: 2219
9+47=056: 2202
9+7-15=1: 2474
4+08-9=3: 2342
52+30=82: 1804
38+04=42: 1919
1+13-6=8: 2373
076/19=4: 1918
76-61=15: 1883
76-074=2: 2249
80+-1=79: 1856
076+5=81: 1714
5+9-2=12: 2704
49-043=6: 2171
5-36/9=1: 2392
5+046=51: 2137
5+2-06=1: 2422
63/7-4=5: 2091
9-05+2=6: 2584
18-+16=2: 2016
4*04/8=2: 2903
82-75=07: 2213
8*2-09=7: 2114
6+049=55: 2059
8-1*02=6: 2272
88-54=34: 2532
42+32=74: 2340
18*1/3=6: 2054
9+5*4=29: 2984
52+-4=48: 2167
43+37=80: 1945
40/5+1=9: 2365
8-1*06=2: 2321
087+6=93: 1663
48*7=336: 2601
081-79=2: 1689
17-14=03: 1399
27-04=23: 1745
5+7*4=33: 2664
30+65=95: 2044
1*09-6=3: 2320
1+056=57: 2085
6*+09=54: 1888
1+16/2=9: 2655
5*6/2=15: 2959
5*8-37=3: 2705
76/4=019: 1733
39-07=32: 1906
82+-4=78: 2455
25+03=28: 1783
12+2-8=6: 2268
2*98=196: 2856
3*+4/6=2: 2599
48/04=12: 2129
89-41=48: 2428
065+8=73: 1657
2*5+3=13: 2986
12+30=42: 1872
5+2/01=7: 2384
2+10-3=9: 2565
9*1+4=13: 2317
56+20=76: 1904
82-+74=8: 2519
2*7-09=5: 2171
18+18=36: 2045
06+79=85: 1389
3+1*05=8: 2274
96-86=10: 2089
6*6-31=5: 2726
9*8+0=72: 1965
5-8+7=04: 2313
41-034=7: 2205
29-026=3: 2042
65-58=07: 1977
37-8=029: 1840
4+27=031: 2329
11-6+3=8: 2399
1*5+2=07: 2281
6+5*2=16: 2985
7+048=55: 2109
+84-9=75: 1994
3+1*02=5: 2355
3/04*8=6: 2438
22-3*5=7: 2274
7-8+5=04: 2323
8+01-5=4: 2145
28-+3=25: 2027
95-56=39: 2565
17+82=99: 1986
8-13+9=4: 2300
9+059=68: 2165
5*2-01=9: 2310
23*+2=46: 2208
44+-36=8: 2355
6-03+2=5: 2570
86-84=02: 2109
7*9+4=67: 2714
43-035=8: 2180
24-3*7=3: 2434
33+47=80: 1986
20/5-1=3: 2389
11+23=34: 1997
6*6-35=1: 2750
3*+15=45: 2519
1*5+04=9: 2188
1*5+9=14: 2158
085+7=92: 1569
7+04/2=9: 2168
8-4+3=07: 2333
33+25=58: 2307
12-3*1=9: 2166
6+7*6=48: 2749
48*4=192: 2488
17+44=61: 2073
3*7+1=22: 2616
7*4+3=31: 2665
1+13-5=9: 2423
1+13-8=6: 2362
59-01=58: 1893
+48/3=16: 1886
2*+47=94: 2252
7-02*3=1: 2216
51-044=7: 2193
6-35/7=1: 2389
1+7*2=15: 2340
16-4*3=4: 2535
2+03*1=5: 2210
+26-9=17: 1919
3+05-7=1: 2260
8-4+02=6: 2371
54+7=061: 1955
9*85=765: 2551
3*+23=69: 2190
3+58=061: 2325
80+14=94: 1872
33+29=62: 2246
+35-7=28: 1960
5*9/1=45: 2767
9*8/18=4: 2857
8+9/1=17: 2262
43*4=172: 2462
52-046=6: 2299
+67-9=58: 1897
62+10=72: 1839
6-2+3=07: 2345
94-52=42: 2236
32-5*6=2: 2467
-6+45=39: 1603
9-04+2=7: 2453
5+3*01=8: 2237
12+16=28: 1802
085-76=9: 1763
485/97=5: 2338
4*4/2=08: 2989
48*1/6=8: 2749
37-031=6: 2151
9*31=279: 2852
80+-71=9: 1894
3*3+8=17: 2685
2-4+8=06: 2334
38-06=32: 1862
62-07=55: 2040
21*2/7=6: 2525
9-16/8=7: 2503
69-64=05: 2034
9+28=037: 2255
5*1+02=7: 2277
03+79=82: 1379
5+1*2=07: 2371
+72-3=69: 2012
56-+8=48: 2427
12-1*3=9: 2144
7*3-13=8: 2639
7+8*3=31: 2691
7*6+7=49: 2675
6*+4/8=3: 2595
7*27=189: 2788
3+69=072: 2286
051-49=2: 1799
38-+6=32: 2116
22-+18=4: 2241
24+50=74: 1887
72-05=67: 2171
10-9+2=3: 2432
2+11-4=9: 2344
10+7-9=8: 2035
59-06=53: 1991
3*8/+4=6: 3024
49+20=69: 2005
54+10=64: 1884
101-96=5: 1897
93-35=58: 2258
9+044=53: 2010
9+6*5=39: 2908
91-77=14: 2078
2+7-08=1: 2206
+76/2=38: 1999
16+48=64: 2369
3/6*4=02: 2440
8*5-33=7: 2654
7+052=59: 2048
4*6/+3=8: 3066
7*3-14=7: 2990
7+1*5=12: 2419
7*3+0=21: 2252
12/6*2=4: 2634
14-+6=08: 1878
9+6/2=12: 2727
5+03-7=1: 2183
3*3+6=15: 2711
73-01=72: 2039
8-63/9=1: 2242
98/14=+7: 1687
1+9-4=06: 2172
18-2*6=6: 2575
8-06+3=5: 2633
9*01-2=7: 2001
5*3+3=18: 2623
16/+2=08: 1877
+024/3=8: 2439
16/8*4=8: 2970
4-7+5=02: 2333
98/7=014: 1921
3+4*8=35: 2563
5+048=53: 2071
19-17=02: 1379
7*4+7=35: 2722
5+1*03=8: 2246
4*6+9=33: 2572
46+02=48: 1950
4*+14=56: 2223
+016/2=8: 2608
82-+4=78: 2417
1+8-07=2: 2161
18-6*2=6: 2701
6+10/5=8: 2662
9+1*3=12: 2434
22-05=17: 1820
7+08-9=6: 2269
9+1-02=8: 2286
6*2+9=21: 2574
8+8*7=64: 2695
9-1*3=06: 2247
27+14=41: 2066
6-7+03=2: 2269
42-+33=9: 2282
8-3+5=10: 2401
25-12=13: 1713
9+1-3=07: 2263
28-8*3=4: 2694
7*013=91: 1667
4*1+5=09: 2250
7-3+6=10: 2406
47+20=67: 1962
24-07=17: 2159
9*8-63=9: 2890
7*8+0=56: 1972
3*19=057: 2368
33-+5=28: 2247
+36-27=9: 2158
5-32/8=1: 2372
32+-7=25: 2099
17-014=3: 1733
36-+28=8: 2520
16+30=46: 1980
53+20=73: 1869
+45-9=36: 1937
56+-8=48: 2413
48/6*1=8: 2903
+45-8=37: 1990
7-2*3=01: 2304
12-8*1=4: 2296
7-04+2=5: 2555
58-02=56: 1965
64+10=74: 1912
2+063=65: 2185
5-8+6=03: 2313
25+32=57: 2227
091-85=6: 1757
9+049=58: 2129
06*2-4=8: 1989
65-01=64: 1933
19-012=7: 1678
081/27=3: 2073
8+63=071: 2190
32-24=+8: 2170
+35-6=29: 2061
47-045=2: 2184
9+54=063: 2118
95-51=44: 2304
36-+2=34: 2135
6-2*01=4: 2230
60/5-3=9: 2254
94-39=55: 2440
086+5=91: 1578
4*65=260: 2986
7-3+02=6: 2328
36+08=44: 2001
1+5*8=41: 2385
35-034=1: 2130
1+9-02=8: 2227
56*3=168: 2536
9*01-4=5: 2047
-8+72=64: 1663
14*4/7=8: 2568
96-27=69: 2435
71-65=06: 2087
90/+6=15: 1961
1+24/8=4: 2896
96/12=+8: 1624
42-+36=6: 2456
3-9+08=2: 2214
7-4+3=06: 2329
9*1-07=2: 2200
9+6*4=33: 2727
84-076=8: 2305
24*1/6=4: 2650
39-01=38: 1886
14+02=16: 1592
15*+2=30: 2019
2*+6-8=4: 2685
074-69=5: 1768
19-016=3: 1692
87-71=16: 2001
3-7+9=05: 2323
3+1*9=12: 2372
4*+6/8=3: 2692
8+01-4=5: 2105
+47-8=39: 2019
2*3+5=11: 2400
14*02=28: 1944
34-8*4=2: 2600
73*3=219: 2403
3+2*4=11: 2464
24-3*6=6: 2501
93-70=23: 1974
8*69=552: 2691
2+09/3=5: 2561
59-02=57: 1923
8/06*3=4: 2492
58+20=78: 1922
98-50=48: 1940
3+08/2=7: 2446
12+2-6=8: 2268
1+8*4=33: 2664
6/1-4=02: 2382
6+8*6=54: 2676
084+7=91: 1632
6*2-+8=4: 3087
7*+2-6=8: 2520
8+066=74: 2175
1*7-5=02: 2224
24+21=45: 2212
7*+03=21: 2089
5*1+9=14: 2214
091-6=85: 1537
39+10=49: 2121
34+08=42: 1933
+62-54=8: 2104
8+6*7=50: 2281
8+6-12=2: 2710
8+6*5=38: 2816
3/4*8=06: 2455
2+7*5=37: 2815
69-01=68: 1899
12+50=62: 1908
39+23=62: 2268
6+053=59: 2011
6-9+05=2: 2294
9*+06=54: 1999
7+46=053: 2194
27-9*3=0: 2234
67-65=02: 2028
8+055=63: 2128
9-7+02=4: 2235
26+29=55: 2143
41-037=4: 2289
19*2=038: 1886
7+6*5=37: 2919
26+46=72: 2373
81*3=243: 2633
+72-64=8: 2092
14-+8=06: 1861
3+5*8=43: 2707
091-5=86: 1502
4+078=82: 2252
4+3*01=7: 2314
9-07+2=4: 2577
9*1+6=15: 2312
91-42=49: 2576
5*5+7=32: 2536
02*38=76: 1319
19-013=6: 1661
7+9+8=24: 2349
073-69=4: 1767
5-03+2=4: 2525
60-46=14: 2516
51-047=4: 2330
8*15=120: 2782
5-04+7=8: 2531
6/3*2=04: 2436
65-03=62: 2029
6+3/01=9: 2305
4-3+9=10: 2382
84-78=06: 2142
36-8*4=4: 2650
2+12-8=6: 2583
9*01-5=4: 2020
76-71=05: 2019
1+068=69: 2144
45+15=60: 2125
57-01=56: 1945
76-65=11: 2003
65-063=2: 2257
3-04+8=7: 2547
38-031=7: 2068
9*3+5=32: 2536
19+7=026: 1853
6/8*4=03: 2448
9+5/1=14: 2265
04+79=83: 1467
06+75=81: 1480
8*9-68=4: 2723
76-15=61: 1958
1+9-3=07: 2183
3*16=+48: 2397
2-04+7=5: 2516
13+40=53: 1929
+56-7=49: 2009
32+50=82: 1849
93-39=54: 2413
5+1*9=14: 2312
3+2*7=17: 3118
1+9/03=4: 2251
091-4=87: 1552
+04*7=28: 2164
1*09-4=5: 2398
2/1+06=8: 2503
6/1-2=04: 2369
5*1+4=09: 2278
92-53=39: 2509
48-6*7=6: 2548
+29*3=87: 1886
8*73=584: 2615
8*9+0=72: 1983
8+01-7=2: 2112
28+27=55: 2170
7+39=046: 2391
56-7=049: 1709
1*03+6=9: 2182
95-60=35: 1978
91-7=084: 1884
32+04=36: 1923
7-04+3=6: 2462
88-47=41: 2434
68-061=7: 2189
3*1+9=12: 2286
58-49=09: 2085
68-063=5: 2173
32+-28=4: 2244
6*9+1=55: 2701
89-30=59: 2010
78/2=039: 1731
504/7=72: 2452
52+23=75: 2261
18+50=68: 2095
5*9-39=6: 2652
12*1-8=4: 1960
101-95=6: 1865
-8+47=39: 1629
12+60=72: 1868
+36-29=7: 2114
91-69=22: 2459
072+9=81: 1736
20/5-3=1: 2417
-8+37=29: 1569
5*+13=65: 2399
6+02-7=1: 2121
3+48=051: 2270
1*06+3=9: 2304
093-87=6: 1730
+3*16=48: 1712
3*+07=21: 2113
8-7+2=03: 2297
067-58=9: 1731
1*9-4=05: 2149
1+08-7=2: 2393
27+27=54: 2312
33+-8=25: 2278
4-5+3=02: 2376
301/43=7: 2520
36+-4=32: 2182
7+01-6=2: 2123
21-4*5=1: 2380
14/2+1=8: 2271
18/+3=06: 1911
073-68=5: 1840
7-8+03=2: 2174
9-32/8=5: 2195
3-8+10=5: 2238
3+5*7=38: 2511
+72-63=9: 2117
4/8*16=8: 3099
8+056=64: 2117
+82-9=73: 1969
4+16/4=8: 2806
94-35=59: 2478
28/014=2: 2327
24/6*1=4: 2868
1+12-5=8: 2391
15+30=45: 1996
067-59=8: 1713
35-04=31: 1907
-24+31=7: 2136
72-9=063: 1831
+72-4=68: 1943
7*5+7=42: 2812
9+01-6=4: 2064
083-79=4: 1714
702/9=78: 2308
96-28=68: 2432
7*9+3=66: 2547
2+32/8=6: 2589
27-026=1: 2074
5+04/2=7: 2258
5+3*3=14: 2685
82-55=27: 2252
8*5-38=2: 2723
15+41=56: 1917
2+07-8=1: 2321
5+19=024: 2395
72-37=35: 2392
4+30/6=9: 2533
76-39=37: 2404
15+45=60: 2082
83-81=02: 2158
25-2*9=7: 2129
60/12=+5: 1898
6-8+05=3: 2297
4-3+7=08: 2294
12-4+1=9: 2351
23-4*4=7: 2416
15*+4=60: 1950
1+12-7=6: 2401
+63-9=54: 1918
9+5-0=14: 2172
+34-5=29: 1990
21+04=25: 2009
11-5+3=9: 2395
20+75=95: 2060
5-4+02=3: 2398
55-08=47: 2019
20-6*2=8: 2572
8*7+6=62: 2639
2-3+9=08: 2316
18+20=38: 2034
1+02*4=9: 2185
3+2*5=13: 2905
39-04=35: 1909
7-9+05=3: 2346
5-04+2=3: 2600
1*04+5=9: 2261
5-7+4=02: 2360
96/8=012: 1993
2+28/4=9: 2810
3+8*8=67: 2672
5*3-13=2: 2725
53-048=5: 2325
3+11-6=8: 2240
47+10=57: 2058
21-+16=5: 2291
8-6+02=4: 2328
46-9=037: 1870
3+01*5=8: 2059
6-5+02=3: 2433
15+18=33: 1978
9+1*4=13: 2423
86-084=2: 2274
36*9=324: 2571
5-28/7=1: 2613
3+05*1=8: 2179
2+3*01=5: 2331
14-6*2=2: 2538
1*4+5=09: 2205
12+0-8=4: 2079
5-7+6=04: 2318
28+38=66: 2602
80+-9=71: 1840
7*81=567: 2773
55-09=46: 1975
+82-73=9: 2149
3-6+8=05: 2369
1+14-8=7: 2435
9-5+3=07: 2401
7++29=36: 1998
6*5-26=4: 2726
8-24/3=0: 2685
-7+46=39: 1626
29-+3=26: 2088
5+057=62: 2095
2+06-7=1: 2283
5-6+03=2: 2403
3+6*01=9: 2210
13-1*7=6: 2052
14*2/7=4: 2643
2*15/6=5: 3076
36-+4=32: 2171
9-05+3=7: 2581
6*5+7=37: 2880
33-+25=8: 2388
39*8=312: 2561
24/+8=03: 1873
7+061=68: 2163
6-21/7=3: 2347
37+9=046: 2022
7+5*5=32: 2688
5+3*9=32: 2600
33*8=264: 2657
6+2*5=16: 2972
3*9+4=31: 2592
1/8*16=2: 2721
89-20=69: 1977
6/2+8=11: 2520
73-9=064: 1880
8*3*1=24: 2570
2+073=75: 2297
9+055=64: 2129
9-5+2=06: 2370
1+04/2=3: 2330
6++29=35: 2059
47-05=42: 1932
9*4*1=36: 2408
2-7+9=04: 2221
36-9*4=0: 2257
2+5-06=1: 2380
1+064=65: 2157
1*2+07=9: 2137
72/9-3=5: 2193
5+8*2=21: 2654
82-76=06: 2242
6+01-2=5: 2260
8+047=55: 2086
79-73=06: 2070
9*6-45=9: 2985
-29+36=7: 1987
1*2+5=07: 2270
33-028=5: 2209
28/4+0=7: 2224
7+3*2=13: 2868
63/7-8=1: 2134
1+08/2=5: 2585
4*18/8=9: 3149
3*5+-6=9: 2921
28/14=02: 2083
2*7+0=14: 2143
7-04+5=8: 2563
30-24=06: 2166
012*7=84: 1740
5+6/03=7: 2351
44-+5=39: 2190
3+065=68: 2133
34-027=7: 2394
33+-4=29: 2308
24*+3=72: 2262
6-2+04=8: 2383
2*+4/1=8: 2764
3*+28=84: 2270
4+09-8=5: 2427
43+10=53: 1919
12+-04=8: 1835
084-79=5: 1748
3-7+8=04: 2295
19-04=15: 1457
1+12-8=5: 2363
45*7=315: 2650
27-+3=24: 2063
5+87=092: 2257
+37-9=28: 1965
22+35=57: 2224
1*9+5=14: 2070
-87+92=5: 1998
+62-4=58: 1897
0+8*3=24: 2300
7*9-56=7: 2845
61+20=81: 1717
6*4+9=33: 2616
-7+36=29: 1611
8*8-61=3: 2748
11+2-9=4: 2063
-7+45=38: 1578
36-+32=4: 2333
9+2*8=25: 2525
8*57=456: 2648
32+42=74: 2347
3+1*04=7: 2306
1+7-06=2: 2242
4+57=061: 2274
49-047=2: 2087
2+7/01=9: 2314
26+10=36: 2062
52-+44=8: 2279
58-07=51: 1982
21-+15=6: 2282
6+09-7=8: 2352
-3+52=49: 1684
8+6+9=23: 2438
2+3*4=14: 2962
12-6+2=8: 2705
4+05-8=1: 2264
96-29=67: 2345
69-68=01: 2041
7*1+02=9: 2191
8+9+6=23: 2446
83-4=079: 1725
1+9-6=04: 2187
288/72=4: 2855
5+01*3=8: 2044
1+9-04=6: 2145
8*3-23=1: 2761
22-09=13: 1836
2*08/4=4: 3226
3-4+8=07: 2312
3+07-1=9: 2307
45+35=80: 2052
7-54/9=1: 2320
5-2+3=06: 2424
9+8/4=11: 2319
5+03/1=8: 2258
7-9+06=4: 2263
22*8=176: 2555
5*7-27=8: 2713
7-2+3=08: 2308
8*9-63=9: 2820
03*18=54: 1412
45-9=036: 1832
28+9=037: 1920
4-7+05=2: 2339
6+045=51: 2153
52-41=11: 2276
3*5-08=7: 2146
+37-8=29: 1984
29-04=25: 1790
21+-14=7: 2208
6*85=510: 2912
5*2-09=1: 2338
1+30/5=7: 2682
-69+73=4: 1993
+52-3=49: 2018
24*1/4=6: 2548
65-02=63: 2096
4*8+9=41: 2559
53+22=75: 2310
+23-7=16: 1959
9+8/1=17: 2259
+57-9=48: 2006
10/5+7=9: 2306
63-08=55: 2010
34+-7=27: 2567
1*03+4=7: 2185
2*6-+8=4: 3095
8+7*6=50: 2284
3-6+7=04: 2294
4/3*6=08: 2471
7-5+8=10: 2398
43+20=63: 1894
1*04+3=7: 2217
19-03=16: 1409
6*6+7=43: 2612
11+3-8=6: 2103
19-16=03: 1396
8+07-9=6: 2243
43-038=5: 2184
6-5+2=03: 2412
6/1+02=8: 2425
18-2*9=0: 2038
29+12=41: 1920
12-3+0=9: 2169
5-18/9=3: 2601
2-03+9=8: 2445
4/6*3=02: 2440
9*9-8=73: 2591
24+60=84: 2000
7-01*4=3: 2155
26-9*2=8: 2498
09+65=74: 1339
91-84=+7: 1942
9*+2/3=6: 2519
9+1*6=15: 2409
1+2*6=13: 2389
6-7+4=03: 2330
38+08=46: 2149
8*5-37=3: 2747
26*7=182: 2549
26-05=21: 1846
32+12=44: 2414
6-8+3=01: 2309
9+4*6=33: 2743
1*9-06=3: 2121
6-45/9=1: 2345
38-19=19: 1970
81/9-3=6: 2243
8-04+3=7: 2506
+07*4=28: 2177
14-+08=6: 1863
7-8+2=01: 2291
21+23=44: 2335
5*7+7=42: 2682
504/9=56: 2260
7-6+02=3: 2325
4+049=53: 1949
8+3*3=17: 2812
29-+23=6: 2195
5-7+04=2: 2330
3+7*5=38: 2508
47-8=039: 1821
95-70=25: 2053
6/2+7=10: 2374
5+4/01=9: 2359
5-4+7=08: 2310
82-56=26: 2385
+26-7=19: 1915
029*3=87: 1597
9+72=081: 2184
6+12=018: 2343
97*4=388: 2620
-85+92=7: 2074
5*2+9=19: 3058
39-+32=7: 2359
4-7+9=06: 2294
64-09=55: 2015
3+7*2=17: 2964
9+1-2=08: 2340
16-+12=4: 2005
8+9*6=62: 2674
091-7=84: 1513
96-68=28: 2533
7-4+02=5: 2351
32/4-8=0: 2387
5-3+6=08: 2355
3*7+0=21: 2204
29-06=23: 1797
3+02/1=5: 2318
3+06/1=9: 2378
7*8+7=63: 2732
3-5+4=02: 2401
48/+12=4: 2499
9-02*4=1: 2217
7-04+6=9: 2533
076+9=85: 1629
5-3+7=09: 2394
65-064=1: 2275
087+4=91: 1667
2/1+6=08: 2365
1*5+02=7: 2250
8+057=65: 2185
4-03+7=8: 2466
28-19=09: 2209
3*+21=63: 2410
87-16=71: 2063
5-03+6=8: 2500
6/3*4=08: 2466
9*53=477: 2677
3+3*4=15: 2731
1+14-9=6: 2419
31+22=53: 2422
168/6=28: 2956
9*7+0=63: 2120
63*8=504: 2403
63+23=86: 2531
9-4+2=07: 2335
69-061=8: 2178
5-8+06=3: 2303
+46-37=9: 2169
5-9+07=3: 2293
+86/43=2: 2191
82-08=74: 2091
2*1+07=9: 2208
9-3+02=8: 2354
128/8=16: 2232
13+21=34: 1927
37+26=63: 2371
6++28=34: 2018
-4+31=27: 1734
9+6*6=45: 2675
4*7+3=31: 2642
2*34=+68: 2339
17+8=025: 1873
9-1*6=03: 2297
-27+31=4: 2114
16/6*3=8: 2709
9-07+3=5: 2697
6/03*4=8: 2361
68*9=612: 2614
328/4=82: 2767
504/72=7: 2734
34*8=272: 2613
90-84=+6: 2097
5-6+4=03: 2346
38-07=31: 1933
15+8=023: 1857
7*9-54=9: 2770
57-053=4: 2155
7*+02=14: 2125
32+06=38: 1926
9-08+2=3: 2718
101-98=3: 1775
12/4-3=0: 2439
7*6-37=5: 2787
1+2*04=9: 2267
91-17=74: 1956
9*9/27=3: 2921
9+36=045: 2180
33+-9=24: 2246
4*02-2=6: 2572
88-74=14: 2563
7*4-27=1: 2880
32*6=192: 2569
435/87=5: 2379
21-5*4=1: 2385
210/5=42: 2319
74-06=68: 2004
71-04=67: 2234
4+12-8=8: 2901
+62-3=59: 1968
33+-26=7: 2351
5+02-6=1: 2270
27-12=15: 1674
1*17-8=9: 2527
+73-9=64: 2013
7+5*7=42: 2884
3*8-17=7: 2867
5-8+9=06: 2246
4/1+2=06: 2385
6*4/+3=8: 3013
5-01*3=2: 2265
71-66=05: 2066
66*3=198: 2559
42-039=3: 2209
64-1=7*9: 1836
+42-7=35: 1951
2-03+6=5: 2579
7-16/8=5: 2491
90-86=+4: 2086
15+20=35: 2026
4+5/01=9: 2366
3*7-14=7: 2927
-3+72=69: 1724
11+3-6=8: 2097
38-6*5=8: 2702
84/14=06: 2127
53-044=9: 2132
05+76=81: 1537
9-35/7=4: 2274
7+19=026: 2350
42+-9=33: 2237
2*9+3=21: 2518
4/1*2=08: 2531
25+9=034: 1934
3+04/1=7: 2322
19-02=17: 1421
52-9=043: 1814
10-9+3=4: 2365
4/2+7=09: 2302
60/5-8=4: 2199
3-7+08=4: 2304
7-8+04=3: 2279
1*2+7=09: 2130
2*7+-6=8: 2921
9*2+3=21: 2579
79+2=081: 1904
7+9*4=43: 2707
75-072=3: 2286
2+05-6=1: 2405
12*1-3=9: 2080
42+-3=39: 2183
-16+24=8: 2071
16+17=33: 1905
56+30=86: 1944
40/5-7=1: 2406
2/03*6=4: 2383
3/06*4=2: 2495
91-4=087: 1772
41+41=82: 2043
085-79=6: 1719
91-49=42: 2473
9+1-8=02: 2320
7*2+-8=6: 2959
1*7+02=9: 2133
6-3+02=5: 2444
28-027=1: 2036
9+01-2=8: 2164
34*7=238: 2490
57/3=019: 1796
-18+24=6: 2063
25-13=12: 1712
54*8=432: 2549
36+-2=34: 2166
2+1*03=5: 2338
03*26=78: 1284
53+9=062: 1986
78-76=02: 2093
5+10-6=9: 2514
37-05=32: 1936
13*1-6=7: 2042
3+11-8=6: 2225
3-06+8=5: 2641
2*6+9=21: 2580
49-+42=7: 2366
12+-4=08: 1845
1+9-03=7: 2163
24+25=49: 2135
1+12-6=7: 2445
9-7+4=06: 2358
33+14=47: 2434
405/81=5: 2594
8*5/40=1: 2449
86-02=84: 2053
75-37=38: 2310
96-48=48: 2424
1*9+8=17: 2212
42+46=88: 2445
2*97=194: 2871
38+15=53: 2451
6*+3/2=9: 2558
7-3+4=08: 2332
82+-8=74: 2452
1+074=75: 2247
8-45/9=3: 2315
5*5-21=4: 2659
38-+36=2: 2328
91-79=12: 2146
3+2*01=5: 2333
6+29=035: 2345
5-2+7=10: 2414
7-04*1=3: 2224
38-6*6=2: 2474
2+6-07=1: 2268
4-5+03=2: 2388
2*5-01=9: 2314
1*3+6=09: 2183
3*+25=75: 2365
7-01*3=4: 2115
1*7-04=3: 2228
3+062=65: 2184
8+051=59: 2111
7-4+5=08: 2314
73-072=1: 2286
76+11=87: 2161
4*28=112: 3000
53+8=061: 1945
9-3+4=10: 2461
2*01+5=7: 2219
14+0-6=8: 2060
16*1/8=2: 2203
1*5+4=09: 2239
76*2=152: 2416
1+9-2=08: 2271
9*6+1=55: 2749
84/014=6: 2359
+25-7=18: 1901
69-02=67: 1976
83-38=45: 2375
8*7-53=3: 2712
3-5+9=07: 2376
72-07=65: 2109
35+45=80: 2084
3+59=062: 2323
6*9-47=7: 2778
25+24=49: 2142
39-034=5: 2082
50-42=08: 2175
-86+93=7: 2023
84-083=1: 2268
95-59=36: 2512
2/6*12=4: 2919
5*5-24=1: 2770
7+49=056: 2283
4-2+06=8: 2402
67-56=11: 1999
8--26=34: 1861
21-+18=3: 2251
7+058=65: 2171
2*+6/4=3: 2738
9-06+4=7: 2611
42+07=49: 1910
13+50=63: 2033
3/02*4=6: 2337
3-9+10=4: 2210
8/1-6=02: 2410
47*5=235: 2553
186/31=6: 2610
56-8*7=0: 2213
6-05+2=3: 2694
54+30=84: 1860
26-5*4=6: 2602
21-+4=17: 2107
405/5=81: 2374
-6+24=18: 1664
6*6/12=3: 2961
1+15/3=6: 2549
83*5=415: 2503
2-4+7=05: 2309
+83-9=74: 2019
+62-8=54: 1884
14-7*2=0: 2226
7*12=+84: 2342
80-+9=71: 1836
11+2-7=6: 2113
7+86=093: 2174
06*13=78: 1387
49-048=1: 2127
5*3+-6=9: 2905
2*+13=26: 2144
54+17=71: 2163
7-05+2=4: 2547
2*1+5=07: 2308
10-9+4=5: 2424
38+-9=29: 2510
-8+57=49: 1625
1+9-06=4: 2173
85-81=04: 2021
9*1-02=7: 2178
3+49=052: 2277
2*1+7=09: 2206
75-38=37: 2445
58-29=29: 2216
3+08/4=5: 2504
1+8*7=57: 2895
-68+73=5: 2064
+26-17=9: 2162
12/+04=3: 2036
9*1-05=4: 2233
+45-6=39: 2001
36+27=63: 2326
7*+09=63: 1970
05+79=84: 1438
-58+62=4: 2040
75-073=2: 2271
73-071=2: 2257
18-+2=16: 1860
14+85=99: 1902
3/2*4=06: 2463
19-015=4: 1714
36/+4=09: 1907
2+05/1=7: 2406
8*8+3=67: 2615
86-81=05: 2118
37-+2=35: 2220
4+24/8=7: 2797
69-062=7: 2204
14-8+0=6: 2321
3+7-09=1: 2161
17-15=02: 1383
9+5-2=12: 2784
-08+12=4: 2224
7*8-49=7: 2915
78-69=09: 2167
89-60=29: 2097
24/8-3=0: 2536
82+-74=8: 2534
52-11=41: 2297
95-29=66: 2432
22-019=3: 2090
48*9=432: 2575
-8+45=37: 1579
2*+9/3=6: 2851
12-3*2=6: 2400
87+5=092: 1878
59-051=8: 2145
2+1*5=07: 2374
75-68=07: 2166
7*8-51=5: 2791
63+9=072: 1990
4*12=048: 2744
9+066=75: 2147
84-5=079: 1671
28/4-7=0: 2294
3+064=67: 2191
5+29=034: 2272
9*5/1=45: 2783
3/6*8=04: 2420
6-8+7=05: 2298
18/3*1=6: 2189
63/7-5=4: 2117
9+2*6=21: 2671
+62-53=9: 2148
54-+8=46: 2134
8+8-14=2: 2807
+23-6=17: 2000
3-7+06=2: 2294
1*9-5=04: 2114
4*7*1=28: 2450
46/23=02: 2017
57*2=114: 2053
2+28/7=6: 2880
13-4*1=9: 2193
95-44=51: 2372
3*3+5=14: 2618
59-07=52: 1930
1+28/4=8: 3212
89-71=18: 2049
9+1-08=2: 2297
17+16=33: 1984
86*2=172: 2352
6-3+1=04: 2310
68-+9=59: 2433
+04*3=12: 2268
8/04*3=6: 2421
9+1-03=7: 2250
8-5+7=10: 2409
16-2*6=4: 2429
45+20=65: 1964
9+8+6=23: 2443
-9+47=38: 1648
36+32=68: 2310
6-5+3=04: 2339
4+1*03=7: 2281
19*4=076: 1915
25+07=32: 1865
8*8-63=1: 2743
2+10-9=3: 2576
90/+18=5: 2100
3-6+05=2: 2416
38+9=047: 1987
9*1+5=14: 2250
9-8+4=05: 2352
8+9+7=24: 2340
24+03=27: 1773
42/03=14: 2229
2+071=73: 2293
2-6+7=03: 2331
38-8*4=6: 2707
18*4/9=8: 2770
79+4=083: 1949
79+6=085: 1908
5*7/35=1: 2837
5-14/7=3: 2388
04*19=76: 1354
4+11-6=9: 2296
4-05+3=2: 2619
02*39=78: 1348
7-42/6=0: 2601
5-03+4=6: 2476
18-+13=5: 1991
17-05=12: 1444
73-02=71: 2115
8+2-01=9: 2313
5*7+9=44: 2520
6+09-8=7: 2371
9+057=66: 2074
6/2*4=12: 2939
+43*2=86: 1953
1+40/5=9: 2629
2*3+7=13: 2709
6/2+5=08: 2341
1+6-05=2: 2355
9+5*6=39: 2958
27/6*2=9: 2548
71-8=063: 1910
15+02=17: 1693
6+19=025: 2354
8++26=34: 2016
078/39=2: 1899
2-8+9=03: 2229
9-6+02=5: 2359
17-03=14: 1441
8*1*3=24: 2487
2-05+9=6: 2612
1*09-2=7: 2325
28-+21=7: 2270
+61-53=8: 2118
84-081=3: 2238
2-06+9=5: 2639
41-5*8=1: 2241
4+10-5=9: 2604
8-01*3=5: 2165
19-15=04: 1377
63-05=58: 1911
09+73=82: 1400
4*+3/6=2: 2556
41+15=56: 2049
16/8*1=2: 2537
16-7*1=9: 2225
8*6+6=54: 2569
4/8*6=03: 2445
16-1*9=7: 2023
83*3=249: 2427
56/+7=08: 1998
2/1*4=08: 2531
29-021=8: 2073
8-7+03=4: 2289
8-7+4=05: 2382
44+38=82: 2408
6+85=091: 2171
91-87=+4: 1865
5*5+6=31: 2667
89-50=39: 2071
37-+32=5: 2343
2-5+7=04: 2288
52-+7=45: 2302
14+50=64: 1918
5*9-41=4: 2777
11+4-6=9: 2176
18-05=13: 1378
4-7+6=03: 2377
+78/3=26: 1976
54+-8=46: 2104
1+08/4=3: 2455
16*1-7=9: 1933
3*01+4=7: 2141
3-2+4=05: 2442
9*6-47=7: 2845
4+12=016: 2303
9+1-07=3: 2237
43-036=7: 2252
9+8-0=17: 2209
101-93=8: 1735
2*7+-8=6: 2931
12+13=25: 1836
6*2+-3=9: 2980
74+20=94: 1738
-87+93=6: 2039
7+6*7=49: 2758
8+9-17=0: 2367
27-+21=6: 2261
2+10-5=7: 2634
2-03+7=6: 2463
48-+41=7: 2360
1+2*03=7: 2279
12+23=35: 2276
7+8*5=47: 2890
52*3=156: 2579
71-37=34: 2505
3-24/8=0: 2725
9+9-3=15: 2719
7*6+5=47: 2777
6*7+7=49: 2626
3+01*2=5: 2165
013*4=52: 1780
3+11-5=9: 2283
89-11=78: 1973
23+21=44: 2252
2+01*3=5: 2151
6*8-8=40: 3018
5*9+7=52: 2471
13*1-7=6: 1961
52+27=79: 2274
4-28/7=0: 2859
8-3+2=07: 2371
69-65=04: 1990
47*7=329: 2689
48-+9=39: 2550
48-+46=2: 2379
17+40=57: 2033
4-8+07=3: 2293
8+2-09=1: 2306
1+3*02=7: 2304
44-+9=35: 2163
20-2*7=6: 2399
120/24=5: 2445
92-7=085: 1815
18-6=3*4: 1916
057-48=9: 1776
162/81=2: 2537
9-2+3=10: 2460
1+04*2=9: 2225
23+05=28: 1804
30/15=+2: 1919
3*+6/9=2: 2660
8-05+3=6: 2569
9++26=35: 2104
7--29=36: 1875
+26-19=7: 2140
1+062=63: 2217
5*2+-4=6: 2934
-29+35=6: 2042
58-06=52: 1953
9-7+03=5: 2343
6-9+07=4: 2240
-69+72=3: 1970
6+04-9=1: 2117
87-76=11: 2125
4+11-8=7: 2276
-29+37=8: 1942
84/7-9=3: 2084
62-05=57: 2019
9+38=047: 2313
95*3=285: 2586
3-04+7=6: 2503
-4+63=59: 1635
8+02-1=9: 2193
52+-7=45: 2282
51+30=81: 1741
93-58=35: 2459
96-69=27: 2501
36+02=38: 1912
9*7+3=66: 2648
40-+4=36: 2467
10-9+5=6: 2362
3+4*7=31: 2671
91-86=+5: 1888
101-6=95: 1688
52-+48=4: 2438
75-074=1: 2329
13+85=98: 1850
92-5=087: 1728
6*2-8=+4: 2837
3+02*1=5: 2190
2+10-7=5: 2634
31+50=81: 1786
84-06=78: 2179
9-06+5=8: 2579
3-8+11=6: 2382
52+01=53: 2064
18+35=53: 2411
9-07+4=6: 2689
44+08=52: 1948
55-047=8: 2220
38+-36=2: 2310
8-2/1=06: 2346
26+03=29: 1769
33-4*6=9: 2484
4+082=86: 2256
85-27=58: 2444
73-8=065: 1781
53+10=63: 2000
6+058=64: 2056
5*8+9=49: 2767
42-9*4=6: 2598
18/6*1=3: 2347
2*+16=32: 2333
2*15/5=6: 2923
6*5+8=38: 2799
31-+3=28: 2396
5+6*6=41: 2771
2*5+6=16: 2970
6-03+4=7: 2469
49-08=41: 1950
6-03+5=8: 2524
80+13=93: 1939
5+067=72: 2197
28+10=38: 2082
8-32/4=0: 2577
6-7+5=04: 2308
27-+23=4: 2212
-2+41=39: 1683
12+07=19: 1675
-59+62=3: 2084
+06*3=18: 2192
15-6*1=9: 2243
1*09-5=4: 2368
1+13-9=5: 2373
16/2+0=8: 2181
9-2*1=07: 2217
12+32=44: 2341
3+79=082: 2366
34+13=47: 2340
12+-8=04: 1823
7*7-43=6: 2679
4-6/2=01: 2423
69*3=207: 2129
3+04*1=7: 2177
9-5+02=6: 2353
65+25=90: 2007
2-6+9=05: 2328
56-7*8=0: 2142
-49+52=3: 2026
84-83=01: 2194
7+2/01=9: 2266
43-037=6: 2208
2-03+5=4: 2547
7-1*4=03: 2264
2/01*4=8: 2445
+45-37=8: 2172
60-59=+1: 1979
7-28/4=0: 2833
9+18=027: 2277
224/4=56: 2679
7+6*6=43: 2781
30-+2=28: 2348
7+059=66: 2084
58-057=1: 2220
44*8=352: 2552
15+03=18: 1543
59-052=7: 2125
7*7-41=8: 2680
81/27=+3: 1752
1*05+4=9: 2294
-3+62=59: 1705
67-062=5: 2263
091-87=4: 1778
12*+4=48: 2334
13-7*1=6: 2234
1*45/9=5: 2950
057-49=8: 1766
4+1*5=09: 2339
5-2+6=09: 2429
14+33=47: 2274
54-6*8=6: 2542
2-3+7=06: 2335
24+62=86: 2383
-9+46=37: 1640
65+15=80: 2129
7-03*2=1: 2265
93*8=744: 2689
6+068=74: 2146
2+08-1=9: 2438
79-76=03: 2124
2*+07=14: 2058
13*6=078: 1994
68-03=65: 1952
18-4*4=2: 2426
2-05+6=3: 2689
18*1/6=3: 2135
30-26=04: 2100
93-10=83: 1880
+25-17=8: 2139
6-3+5=08: 2335
7-5+02=4: 2316
7*4-19=9: 2926
1+21/3=8: 2417
5-2+03=6: 2476
52-4=6*8: 1937
82+-6=76: 2440
74-08=66: 2068
+36/2=18: 1963
2-06+7=3: 2629
2*8+-7=9: 2878
3*5+-9=6: 2880
-8+24=16: 1665
80-+79=1: 1886
57-051=6: 2147
019*4=76: 1669
6-7+04=3: 2338
43*3=129: 2517
-5+34=29: 1612
1*3+06=9: 2174
5-4+9=10: 2396
52+-48=4: 2406
2-05+7=4: 2566
3-2+5=06: 2427
93-54=39: 2532
9+1*5=14: 2375
3-4+2=01: 2429
42/7+2=8: 2764
22+-14=8: 2278
97-22=75: 2205
3*97=291: 2898
4/2*6=12: 2950
25+10=35: 2081
-5+42=37: 1616
65-061=4: 2185
4-2+3=05: 2417
31+36=67: 2592
+57-8=49: 2031
9*1-04=5: 2240
246/41=6: 3074
1+4*8=33: 2688
39-+2=37: 2202
4+06-9=1: 2219
3+054=57: 2079
6+1*03=9: 2282
4*7+7=35: 2667
72/9-5=3: 2203
3-2+6=07: 2380
7-2+03=8: 2303
0+12-4=8: 2426
12/3-4=0: 2392
3+3*5=18: 2713
75-071=4: 2263
27-3*8=3: 2454
-9+37=28: 1579
11-2*4=3: 2256
82-078=4: 2208
9-8+3=04: 2264
21+60=81: 1807
94-80=14: 1884
2/4*12=6: 2920
64-8*7=8: 2734
9+5*5=34: 2680
1*9-7=02: 2056
13-1*4=9: 2075
4-6+9=07: 2338
91-19=72: 2050
-4+62=58: 1614
6-42/7=0: 2558
4-5+2=01: 2429
18+04=22: 1874
14+19=33: 1885
71-064=7: 2427
22+31=53: 2389
5+058=63: 2110
14-4*3=2: 2544
+72-68=4: 2100
7*+2-8=6: 2524
93-55=38: 2322
6*3+3=21: 2753
3+9*2=21: 2705
2+1*7=09: 2267
3*9-18=9: 2921
8*+09=72: 1945
6-4+1=03: 2329
18-6=4*3: 1935
9+8+7=24: 2327
3-4+7=06: 2353
1*7+2=09: 2171
8/4+1=03: 2352
04-2+6=8: 2233
9++27=36: 1990
33+-27=6: 2339
88-43=45: 2425
9+3*3=18: 2780
10-9+6=7: 2344
67*3=201: 2260
62/31=02: 2214
7-03*1=4: 2155
7-4/1=03: 2378
3+1*06=9: 2269
6/2*9=27: 2656
1+8*8=65: 2816
78-072=6: 2222
14*2/4=7: 2600
8-01*5=3: 2196
7+4*9=43: 2649
3-05+8=6: 2579
29-12=17: 1619
-2+51=49: 1699
5-01*2=3: 2232
33+-5=28: 2243
7*6*1=42: 2506
7-3+5=09: 2394
29+26=55: 2199
28-07=21: 1842
83-25=58: 2401
7*7-46=3: 2769
38+03=41: 2005
3-04+6=5: 2549
5+1*4=09: 2364
15-1*6=9: 2064
27+36=63: 2408
29-17=12: 1652
+35-8=27: 1996
7+062=69: 2089
2-3+6=05: 2459
48+04=52: 1923
13+13=26: 2066
27+01=28: 1798
7+5*6=37: 2919
39-031=8: 2139
14*+6=84: 2415
85-6=079: 1687
55-046=9: 2258
49-046=3: 2227
14+60=74: 1939
14+08=22: 1905
19+30=49: 2088
83-55=28: 2544
-3+51=48: 1586
4+071=75: 2205
-25+31=6: 2171
8/1*2=16: 2583
29*3=087: 2008
65+8=073: 1994
1+12/6=3: 2615
6/1*3=18: 2436
5*6/15=2: 2867
2+065=67: 2161
15+12=27: 1875
5*5+9=34: 2488
+23-8=15: 2003
67*8=536: 2761
6*6+9=45: 2515
4*9-29=7: 2746
5-06+3=2: 2694
1+16/8=3: 2640
5-8/2=01: 2419
75-09=66: 1985
21+13=34: 2056
63+20=83: 1902
59*2=118: 2044
57-03=54: 1946
16*+5=80: 1987
4-8+9=05: 2287
4*7-27=1: 2837
57-06=51: 2026
42-+39=3: 2455
32+07=39: 1937
9*2+0=18: 2223
73+17=90: 2081
9+6+8=23: 2448
+48/16=3: 2150
6*8-39=9: 2827
16-3*5=1: 2161
+2*34=68: 1612
6-4+3=05: 2311
24/3-8=0: 2308
63-9=054: 1853
78-75=03: 2103
+24-5=19: 1972
25-4*4=9: 2406
69+-7=62: 2277
72-065=7: 2413
+84-5=79: 2007
40-02=38: 2249
9+8*4=41: 2709
168/28=6: 3087
6--18=24: 1929
17*8=136: 2095
-9+36=27: 1631
4*6-24=0: 3101
36+9=045: 1954
02*48=96: 1335
7-08+3=2: 2684
8+9-0=17: 2194
23+23=46: 2203
54-22=32: 2607
23+35=58: 2339
4+061=65: 2142
70-69=+1: 1952
2*6+-3=9: 2931
66-09=57: 1977
18-+15=3: 2024
7+4*7=35: 2789
36+31=67: 2391
29+8=037: 1887
11+4-8=7: 2195
97-17=80: 2100
61*7=427: 2869
28+28=56: 2329
22-+4=18: 2188
5*5-19=6: 2714
39-05=34: 1892
+96/12=8: 2159
28-+25=3: 2207
124/31=4: 2581
92-59=33: 2499
29-+6=23: 2095
11+3-9=5: 2064
19-06=13: 1450
48-09=39: 2181
12*8=096: 2053
64/8*1=8: 2990
9-04*2=1: 2280
6/1+8=14: 2311
74-01=73: 2050
2+24/8=5: 2635
72/+2=36: 2269
53*8=424: 2565
3-5+8=06: 2336
94-59=35: 2490
2+084=86: 2266
37-036=1: 2212
18/6-3=0: 2444
06*4/3=8: 2230
9*4-29=7: 2878
54-+6=48: 2144
58-056=2: 2210
16/2-8=0: 2276
43+8=051: 1970
13+02=15: 1720
5-7+10=8: 2303
11+45=56: 2045
8/1-2=06: 2423
15+65=80: 2135
18-4=7*2: 1799
71-07=64: 2129
5+10-9=6: 2485
32+-5=27: 2083
76-38=38: 2383
67-03=64: 1997
76-37=39: 2336
65-04=61: 2035
7+5*2=17: 3153
48+30=78: 1963
+63-4=59: 2016
2-03+8=7: 2499
5-3+02=4: 2382
65+11=76: 2000
9+7*4=37: 2858
9-04+3=8: 2523
9-4+02=7: 2291
8-27/9=5: 2394
4/2*3=06: 2449
9*5-39=6: 2803
-26+35=9: 2056
85-57=28: 2549
+24-9=15: 1945
2-04+9=7: 2466
7-03+5=9: 2482
8/1+6=14: 2387
49+10=59: 2057
8+94=102: 2341
28*+2=56: 2198
4*01+5=9: 2135
14+07=21: 1734
7-8+05=4: 2324
95-26=69: 2488
36+40=76: 1981
86-081=5: 2276
2-04+5=3: 2572
25-2*8=9: 2171
68-065=3: 2207
83-45=38: 2407
7*8-47=9: 2776
81/9-6=3: 2270
46+42=88: 2394
3-8+07=2: 2224
17-+12=5: 2107
075+9=84: 1695
17-04=13: 1464
21+07=28: 1944
4*6-20=4: 3050
7-2+04=9: 2303
59-056=3: 2161
69-07=62: 1966
2/1+4=06: 2394
82-+6=76: 2423
8*3-17=7: 2908
96-67=29: 2585
92*2=184: 2392
+23-16=7: 2263
5-8+07=4: 2253
6-5+9=10: 2354
5-8+10=7: 2283
6*4-24=0: 3036
36+50=86: 2024
12+-08=4: 1842
48/8*1=6: 2905
8*2/4=04: 3184
7*+4=028: 2228
7*2-+6=8: 3095
6-04+3=5: 2532
+84-75=9: 2145
5-3/1=02: 2450
9*+08=72: 1946
2+12/6=4: 2658
+25-9=16: 1934
21+-13=8: 2167
37-035=2: 2143
3-4+9=08: 2333
23+50=73: 1991
+52-43=9: 2220
4*35=140: 3069
4*02-6=2: 2730
11-6+4=9: 2445
2-4+5=03: 2357
68+-9=59: 2440
2+7*8=58: 2889
7*1+2=09: 2221
1/2*16=8: 2696
25+01=26: 1878
97-25=72: 2229
5-6+9=08: 2264
18+-16=2: 2002
21+-17=4: 2218
20-7*2=6: 2611
39-037=2: 2108
7-2+4=09: 2328
62-9=053: 1843
3+11-9=5: 2240
5-2+4=07: 2370
120/8=15: 1763
5+08/2=9: 2435
9-21/7=6: 2297
+032/4=8: 2349
4-2+7=09: 2313
28+01=29: 1941
21*2/6=7: 2552
1+6*9=55: 2745
80+-79=1: 1893
2+5*01=7: 2326
68-07=61: 2067
3+10-6=7: 2543
5*9+8=53: 2506
37+10=47: 2161
2*9+0=18: 2128
38-5*6=8: 2634
11-2*3=5: 2166
+08*2=16: 2240
6-3+4=07: 2367
52+33=85: 2389
075+6=81: 1760
+45-36=9: 2140
29+40=69: 2048
23+40=63: 1943
80-22=58: 2542
1*05+2=7: 2355
3-4/2=01: 2456
0+0=0++0: 11361
+00=0++0: 11406
000=0++0: 11406
+0=00++0: 11389
+0=+0++0: 11260
0=+00++0: 11298
00=+0++0: 11260
0=0+0++0: 11389
0=0*0*00: 11214
000=0000: 12638
0000=000: 12291
00=00000: 12638
0=000000: 12638
0=000++0: 11496
0=000*00: 11596
00000=00: 12090
0=0*00*0: 11219
000=00*0: 11557
000=0*00: 11563
0=0+0+00: 11323
0=0000*0: 11565
0=000-00: 11789
0-0=0--0: 11472
0=0-0--0: 11415
000=0-00: 11741
00=00++0: 11389
000=0+00: 11719
0=000+00: 11757
00=000-0: 11729
000=00+0: 11702
000000=0: 12010
0=000--0: 11635
0=0*0000: 11294
0=0+00+0: 11340
00=000*0: 11542
0=0000+0: 11750
00=00*00: 11555
00=+00+0: 11244
00=000+0: 11699
0*0=0*00: 11245
0=-00--0: 11344
0=0000-0: 11771
000=00-0: 11723
000=0--0: 11555
-00=0--0: 11555
0=0++0+0: 11383
0*0=00*0: 11249
00=00+00: 11695
+00=00+0: 11370
+00=0+00: 11387
0=0-0000: 11515
0+0=00+0: 11289
0=0-0-00: 11341
+0=+00+0: 11244
0-0=0-00: 11398
0=0+0000: 11393
00=00-00: 11722
00=+0+00: 11231
-0=00--0: 11537
0000=-00: 11420
0+0=0+00: 11294
0-0=0000: 11546
-0=00000: 11705
